-- קטגוריות (6–10 רשומות)
INSERT INTO categories(name) VALUES
('לימודי ליבה'),
('מדעי המחשב'),
('אמנות'),
('ספורט'),
('בחירה'),
('עברית'),
('אנגלית'),
('קהילה'),
('מעורבות חברתית'),
('מדעים');

-- הגדרות ראשיות + שמות טאבים + עמוד הבית
INSERT INTO main_settings(
  tab_home, tab_docs, tab_tasks, tab_notes, tab_alerts, tab_links,
  home_title, home_description
) VALUES (
  'בית','מסמכים','משימות','פתקים','התראות','קישורים',
  'ברוכים הבאים לסילאבוסטר',
  'זהו פורטל מידע פנימי לבית הספר. בחרו קטגוריה למטה כדי לצפות בפריטים. כל הפריטים נטענים ממסד נתונים SQLite.'
);

-- ******** home_items ********
INSERT INTO home_items(corese_name, teacher_name, intended_for, requirments, category, allow_valenteres, valentieres_age, max_valetires, additional_info) VALUES
('מבוא לבית הספר', 'צוות הנהלה', 'כל התלמידים', 'אין', 'קהילה', 0, '', NULL, 'מידע כללי ונהלים'),
('סיור קמפוס', 'מחנכת שכבה', 'שכבות ז-ח', 'אישור הורים', 'קהילה', 1, '12+', 10, 'סיור מודרך למתקנים'),
('ערב הורים', 'יועצת בית הספר', 'הורים ותלמידים', 'אין', 'קהילה', 0, '', NULL, 'פרטים באתר'),
('יום ספורט בית ספרי', 'צוות ספורט', 'כל בית הספר', 'לבוש ספורט', 'ספורט', 1, '13+', 20, 'עזרה בארגון התחנות'),
('מועדון קריאה', 'ספרנית', 'כיתות ט-י', 'אין', 'עברית', 1, '14+', 8, 'פגישה שבועית בספרייה');

-- ******** docs ********
INSERT INTO docs(corese_name, teacher_name, intended_for, requirments, category, allow_valenteres, valentieres_age, max_valetires, additional_info) VALUES
('תקנון תלמיד', 'מזכירות', 'כל התלמידים', 'קריאה ואישור', 'קהילה', 0, '', NULL, 'קובץ PDF להורדה'),
('מדריך בטיחות מעבדות', 'רכז מדעים', 'תלמידי מדעים', 'קריאה חובה', 'מדעים', 0, '', NULL, 'גרסה 2025'),
('הנחיות להערכת ביצועים', 'מנהלת פדגוגית', 'מורים', 'אין', 'קהילה', 0, '', NULL, 'עדכון סמסטר א'),
('סילבוס מתמטיקה', 'מורה למתמטיקה', 'כיתות י', 'אין', 'לימודי ליבה', 0, '', NULL, 'נושאי הלימוד לשנה'),
('מדריך שימוש בפלטפורמה', 'רכז תקשוב', 'תלמידים ומורים', 'אין', 'מדעי המחשב', 0, '', NULL, 'קישורים וסרטונים');

-- ******** tasks ********
INSERT INTO tasks(corese_name, teacher_name, intended_for, requirments, category, allow_valenteres, valentieres_age, max_valetires, additional_info) VALUES
('מטלת כתיבה', 'מורה לעברית', 'כיתות ט', 'מאמר של 500 מילים', 'עברית', 0, '', NULL, 'תאריך הגשה: 15/09'),
('פרויקט רובוטיקה', 'מורה למדעי המחשב', 'מועדון רובוטיקה', 'צוות של 3-4 תלמידים', 'מדעי המחשב', 1, '15+', 12, 'תצוגה ביריד המדעים'),
('מצגת היסטוריה', 'מורה להיסטוריה', 'כיתות ח', 'עבודה בזוגות', 'בחירה', 0, '', NULL, 'הנחיות בכיתה'),
('ניסוי כימי', 'מורה לכימיה', 'מגמת מדעים', 'ציוד מגן', 'מדעים', 0, '', NULL, 'דוח לאחר ביצוע'),
('פתרון בעיות מתמטיות', 'מורה למתמטיקה', 'כיתות יא', 'סט בעיות 1-20', 'לימודי ליבה', 0, '', NULL, 'ציון חלק מהבגרות');

-- ******** notes ********
INSERT INTO notes(corese_name, teacher_name, intended_for, requirments, category, allow_valenteres, valentieres_age, max_valetires, additional_info) VALUES
('תזכורת חוג צילום', 'מדריכת צילום', 'כיתות ט-יב', 'מצלמה או סמארטפון', 'אמנות', 0, '', NULL, 'שעה 16:00, חדר אמנות'),
('הודעה על שיפוץ', 'אב הבית', 'כל התלמידים', 'אין', 'קהילה', 0, '', NULL, 'אזור הכניסה הדרומית סגור'),
('שינוי מערכת שעות', 'מזכירות', 'כיתה י1', 'בדקו בלוח', 'קהילה', 0, '', NULL, 'עדכון ליום שני'),
('קישור לטופס הצטרפות', 'רכז חברתי', 'מתנדבים', 'טופס אונליין', 'מעורבות חברתית', 0, '', NULL, 'פרטים נוספים בהמשך'),
('סדנת מבחנים', 'יועצת', 'כיתות יב', 'אין', 'קהילה', 0, '', NULL, 'כלים לניהול זמן');

-- ******** alerts ********
INSERT INTO alerts(corese_name, teacher_name, intended_for, requirments, category, allow_valenteres, valentieres_age, max_valetires, additional_info) VALUES
('השבתת מים', 'אב הבית', 'כל בית הספר', 'בקבוקי מים אישיים', 'קהילה', 0, '', NULL, 'בין 10:00-12:00'),
('אזהרת מזג אוויר', 'מנהלה', 'כל בית הספר', 'מעיל/מטריה', 'קהילה', 0, '', NULL, 'רוחות חזקות'),
('בדיקת אש', 'אחראי בטיחות', 'כל הכיתות', 'אין', 'קהילה', 0, '', NULL, 'יום חמישי בשעה 11:30'),
('שינוי בשער הכניסה', 'אבטחה', 'כל התלמידים', 'כרטיס תלמיד', 'קהילה', 0, '', NULL, 'שער מערבי פתוח בלבד'),
('קריאת חירום', 'אחראי בריאות', 'צוות מצומצם', 'זמינות מיידית', 'קהילה', 1, '16+', 5, 'סיוע בחדר האחות');

-- ******** links ********
INSERT INTO links(corese_name, teacher_name, intended_for, requirments, category, allow_valenteres, valentieres_age, max_valetires, additional_info) VALUES
('אתר בית הספר', 'הנהלה', 'כולם', 'אין', 'קהילה', 0, '', NULL, 'https://example.com'),
('מאגר שיעורי בית', 'רכז פדגוגי', 'כיתות ט-יב', 'אין', 'לימודי ליבה', 0, '', NULL, 'קישורים לפי מקצוע'),
('סרטוני הדרכה למדעי המחשב', 'מורה למדעי המחשב', 'תלמידי המגמה', 'אין', 'מדעי המחשב', 0, '', NULL, 'פלייליסט יוטיוב'),
('הזמנת ציוד ספורט', 'מחלקת ספורט', 'מורים', 'חשבון גוגל', 'ספורט', 0, '', NULL, 'גיליון שיתופי'),
('טופס פניות', 'מזכירות', 'כולם', 'אין', 'קהילה', 0, '', NULL, 'Google Form לצורך פניות');