-- קטגוריות (6–10 רשומות)
INSERT INTO categories(name) VALUES
('חינוך גופני'),
('עברית'),
('העשרה'),
('מלאכות חוץ וחצר'),
('מדעים'),
('תיאטרון'),
('טכנולוגיה'),
('מוזיקה'),
('שח מט'),
('מקרא'),
('אומנות'),
('תנועה'),
('שפה'),
('רוח וחברה'),
('אנגלית'),
('מתמטיקה'),
('ספרות'),
('תאטרון'),
('היסטוריה'),
('גאוגרפיה'),
('חברתי'),
('חינוך מיני'),
('אזרחות'),
('ספרות 70%'),
('ספרות 30%'),
('תנ"ך'),
('חברתי והיסטורי'),
('מדעי החברה - השכלה כללית לבגרות'),
('פסיכולוגיה התפתחותית'),
('מדעי הסביבה- מגמה'),
('מגמה עיצוב'),
('חינוך פיננסי'),
('יום יער'),
('ספרדית'),
('ערבית'),
('קולנוע'),
('שורשים'),
('כללי');

-- הגדרות ראשיות + שמות טאבים + עמוד הבית
INSERT INTO main_settings(
  tab_home, tab_docs, tab_tasks, tab_notes, tab_alerts, tab_links, tab_highschool,
  home_title, home_description
) VALUES (
  'סילבוסטר תשפו','גן','בית א׳-ב׳','בית ג׳-ד׳','בית ה׳-ו׳','בית חט״ב','תיכון',
  'ברוכים הבאים לסילאבוסטר',
  'זהו פורטל מידע פנימי לבית הספר. בחרו קטגוריה למטה כדי לצפות בפריטים. כל הפריטים נטענים ממסד נתונים SQLite.'
);

-- ******** home_items ********
INSERT INTO home_items(course_name, teacher_name, intended_for, requirments, category, allow_valenteres, valentieres_age, max_valetires, additional_info) VALUES
('מבוא לבית הספר', 'צוות הנהלה', 'כל התלמידים', 'אין', 'כללי', 0, '', NULL, 'מידע כללי ונהלים'),
('סיור קמפוס', 'מחנכת שכבה', 'שכבות ז-ח', 'אישור הורים', 'חברתי', 1, '12+', 10, 'סיור מודרך למתקנים'),
('ערב הורים', 'יועצת בית הספר', 'הורים ותלמידים', 'אין', 'חברתי', 0, '', NULL, 'פרטים באתר'),
('יום ספורט בית ספרי', 'צוות ספורט', 'כל בית הספר', 'לבוש ספורט', 'חינוך גופני', 1, '13+', 20, 'עזרה בארגון התחנות'),
('מועדון קריאה', 'ספרנית', 'כיתות ט-י', 'אין', 'עברית', 1, '14+', 8, 'פגישה שבועית בספרייה');

-- ******** docs ********
INSERT INTO docs(course_name,teacher_name,intended_for,course_info,requirments,category,allow_valenteres,valentieres_age,max_valetires,additional_info) VALUES
('מרכז גינה (אין חובת נוכחות)', 'נמרוד בן נוח', 'לכל מי שאוהב לעבוד בגינה גן - י"ב', 'נעליים סגורות, ולבוש בהתאם לעונת השנה (כובע, קרם הגנה ומים)', 'מלאכות חוץ וחצר', 'כללי', 0, '', NULL, ''),
('פינת חי (מרכז - אין חובת נוכחות)', 'אלכס פרידמן', 'גן - י"ב', 'להגיע עם נעליים ובלבוש בהתאם למזג האויר', 'מלאכות חוץ וחצר', 'כללי', 0, '2', 'עדיפות לילדי ועדת פינת חי', ''),
('דמויות וסיפורים במקרא - שעה שבועית', 'נגבה שור', 'גן', 'השתתפות פעילה, רצון ללמידה וחוויה משותפת.', 'מקרא', 'כללי', 0, '', NULL, ''),
('בית משותף', 'צוות חט"צ', 'גן,א''ב''', 'פתוח לכלם', 'העשרה', 'כללי', 0, '', NULL, ''),
('פיסול בחומרים', 'ענת בדר', 'גן-א''ב''', 'נכונות ליצור ולהתנסות בעבודה עם חומרים שונים.  הקפדה ושמירה על הרגלי עבודה וכללי הסדנה.', 'אומנות', 'כללי', 0, '', NULL, ''),
('סטודיו לאמנות', 'ענת בדר', 'גן א-ב', 'נכונות ליצור.  הקפדה ושמירה על הרגלי עבודה וכללי הסדנה.', 'אומנות', 'כללי', 0, '', NULL, ''),
('תנועה', 'אורטל האפרתי', 'גן', 'לבוש נוח לתנועה', 'תנועה', 'כללי', 0, '', NULL, ''),
('חינוך גופני', 'אושרי גולדגרבר', 'גן', 'נעלי ספורט, בגדי ספורט, בקבוק מים. הגעה בזמן לשיעור.', '', 'כללי', 0, '2', NULL, ''),
('אומנות', 'אסף רופא', 'גן', '', '', 'כללי', 0, '', NULL, ''),
('מוזיקה באהבה', 'ישראלה מזור', 'ילדי הגן  
ילדים מכתה א'' המעונינים להשתתף נא ליצור איתי קשר באופן פרטני.', 'אהבה למוזיקה. "צריך רק לחייך, רק לאהוב... צריך לצחוק ולחייך... אפשר גם לשיר". אשמח אם תהיה נוכחות רציפה בשיעורים, אך תינתן גמישות להשתתפויות חד פעמיות. שמירה על כללי השיעור. השיעור הוא שעה שבועית.', 'מוזיקה', 'כללי', 0, '', NULL, ''),
('מסביב לעולם', 'אירית גילר', '', 'סקרנות ושיתוף פעולה וקלמר', 'שפה', 'כללי', 0, '', NULL, '');
-- ******** tasks ********
INSERT INTO tasks(course_name,teacher_name,intended_for,course_info,requirments,category,allow_valenteres,valentieres_age,max_valetires,additional_info) VALUES
('סיפור ואילתור', 'דפנה רייכרט', 'א-ב', 'בקורס מהנה ודינמי זה נצלול יחד לעולם הסיפורים – בכל מפגש נקרא סיפור קצר ומעורר דמיון, ולאחר מכן נצא להרפתקה של משחקי תיאטרון ואימפרוביזציה בהשראת הסיפור. הילדים יתנסו בגילום דמויות, יצירת סצנות, אלתור מצבים מפתיעים והבעה יצירתית – והכול מתוך משחק, דמיון, והקשבה אחד לשני. הקורס מזמין את הילדים להביא את עצמם לידי ביטוי בדרך חופשית, מהנה ומלאת ביטחון.', '', 'תיאטרון', 0, '', NULL, ''),
('מרכז גינה (אין חובת נוכחות)', 'נמרוד בן נוח', 'לכל מי שאוהב לעבוד בגינה גן - י"ב', 'נעבוד ונגדל ירקות ופירות בגינת הירק. נעקור עשבים, נזבל ונקלטר את האדמה, נכין ערוגות, נמתח טפטפות, נזרע, נשתול ונשריש צמחים, נטפח באהבה, נמתין בסבלנות, נקצור את פירות העבודה הקשה ונתחיל הכל מהתחלה.', 'נעליים סגורות, ולבוש בהתאם לעונת השנה (כובע, קרם הגנה ומים)', 'מלאכות חוץ וחצר', 0, '', NULL, ''),
('מרכז למידה א-ב', 'דפנה רייכרט
עירית לוי
אתי שוורץ
מאיה שכטר', 'א-ב', 'במרחב הלמידה הילדים נפגשים עם תחומי דעת מגוונים בדרך חווייתית, חוקרת ומשחקית מתוך חיבור לעולמם הפנימי ולחיי היומיום שלהם. במרחב לומדים בקצב התקדמות אישי, מתוך סקרנות ובחירה, בסביבה תומכת, מזמינה ומכבדת. 
הלמידה במרחב היא בקבוצות קבועות בהובלת צוות המורות לשפה וחשבון של א-ב.  
במהלך השנה נעסוק בנושאים שונים: 
בחשבון וגאומטריה נכיר את עולם המספרים, השיטה העשרונית, פעולות חשבון בסיסיות, פתרון בעיות, כפל וחיסור, גופים ויחסים מרחביים – תוך שימוש במשחקים, דגמים, יצירה ופעילות קבוצתית. 
בשפה נתרגל קריאה וכתיבה, הבנת הנקרא, הבעה בעל פה ובכתב, פיתוח שפה עשירה ואהבת ספר, דרך סיפורים, שיח, כתיבה יצירתית. 
בכישורי חיים נתרגל פעולות יומיומיות חשובות כמו מזיגה, פתיחה וסגירה של סוגרים שונים, קשירת שרוכים, חיזוק שלוש האצבעות (אחיזה נכונה), מיומנויות סדר וארגון – מתוך מטרה לחזק עצמאות, ביטחון עצמי ויכולת תפקוד יומיומית.', 'יש לבחור קבוצה אחת מתוך השתיים ולהשתתף בכל 8 השעות השבועיות.
הקבוצות הינן רב גילאיות, עד 40 ילדים בקבוצה, עם שלוש מורות.

ציוד: מחברת חכמה 10 שורות. 
מחברת חשבון. 
2 תיקיות לדפים בצבעים שונים.', 'כללי', 1, 'מכתה ד''', NULL, ''),
('פינת חי (מרכז - אין חובת נוכחות)', 'אלכס פרידמן', 'גן - י"ב', 'נכיר מקרוב את החיות בפינת החי, נטפל, נאכיל נלטף ופשוט נהייה יחד בסביבה נעימה ורגועה.', 'להגיע עם נעליים ובלבוש בהתאם למזג האויר', 'מלאכות חוץ וחצר', 1, 'ג ומעלה', 2, 'עדיפות לילדי ועדת פינת חי'),
('אנגלית בשירים ומשחקים', 'שרון הנסון', 'א-ב', 'באמצעות שירים ומשחקים הילדים ייחשפו לשפה האנגלית בקלות ובהנאה. כמו כן, נלמד אוצר מילים בסיסי בתחומים שונים (בע"ח, מזון, מספרים).', 'יש להגיע עם קלסר עם שמרדפים לדפי עבודה קלמר עם צבעים.', 'אנגלית', 0, '', NULL, ''),
('עולם מבראשית - שעה בשבוע', 'נגבה שור', 'א''', 'נכיר את סדר בריאת העולם, מה נברא בכל יום. אדם וחווה, האנשים הראשונים בעולם, סיפור גן עדן, קין והבל, תיבת נוח ומגדל בבל. בדרך של דמיון ויצירה, סיפורים, אגדות ופתגמים, שירים וסרטים.', 'השתתפות פעילה ורציפה לאורך כל השנה. יש להגיע עם מחברת חלקה (ציור) וקלמר מאובזר: צבעים/טושים, דבק סטיק, מספרים.', 'מקרא', 0, '', NULL, ''),
('מעשי אבות - שעה בשבוע', 'נגבה שור', 'ב''', 'נעסוק בחלקו השני של ספר בראשית: חייהם של האבות והאימהות הקדמוניים: אברהם ושרה, יצחק ורבקה, יעקב(ישראל)לאה ורחל עד סיפורי יוסף והירידה למצריים. נלמד בדרך חווייתית מהנה: ניצור, נחקור, נשחק ונשיר.', 'השתתפות פעילה ורציפה לאורך השנה.  להגיע עם:מחברת 10 שורות, קלמר מאובזר:עפרונות, טושים/צבעים, דבק ומספרים.', 'מקרא', 0, '', NULL, ''),
('בית משותף', 'צוות חט"צ', 'גן-א''ב''', 'שעתיים שבועיות של פעילויות במרחב הבית והחצר. למידה רב-תחומית ורב-גילאית סביב נושא משותף. נעסוק בעונות השנה, חגים ונושאים שונים דרך פרויקטים משותפים ומגוון פעילויות לבחירה -משחק, יצירה, הצגה, שיחה, כתיבה, ריקוד ומנגינה.', '', 'העשרה', 1, '', NULL, ''),
('פיסול בחומרים', 'ענת בדר', 'גן-א''ב''', 'ניצור בחומרים שונים (קרטון, גבס, עץ, פלסטלינה, בד, חימר ועוד). נגלה אפשרויות של עבודה בחומרים, נמציא עולמות ויצורים. נתבונן ביצירות ונציג תערוכות.', 'נכונות ליצור ולהתנסות בעבודה עם חומרים שונים.  הקפדה ושמירה על הרגלי עבודה וכללי הסדנה.', 'אומנות', 1, '', NULL, ''),
('סטודיו לאמנות', 'ענת בדר', 'גן א-ב', 'צבע, קו וצורה, הדבקה וגזירה. ביטוי עצמי ויצירה במרחב של הסדנה.', 'נכונות ליצור.  הקפדה ושמירה על הרגלי עבודה וכללי הסדנה.', 'אומנות', 1, '', NULL, ''),
('עברית יצירתית', 'ענת בדר', 'א-ב', 'נכנס לעולם הקסום של השפה העברית. נכתוב בעצמינו ונמציא סיפורים ושירים.  
מטרות הקורס:   העשרת אוצר המילים
פיתוח מיומנויות הבעה: נתנסה בכתיבה ודיבור בצורה חופשית ויצירתית, תוך דגש על ביטוי אישי.
מפגש עם טקסטים מעוררי השראה של משוררים וסופרים מוכרים.
הגברת אהבה לשפה העברית: נחווה את השפה ככלי מהנה ומשחק, ונחזק את הקשר של הילדים לעברית.
עידוד דמיון ויצירתיות: באמצעות משחקים, יצירה ופעילויות חווייתיות שיעודדו חשיבה מקורית.', 'מחברת שורות, מחברת לבנה חלקה. קלמר עם עפרון, מחדד, מחק, דבק סטיק, מספריים וטושים', 'עברית', 1, '', NULL, ''),
('כדורגל א-ב', 'מיקו', 'בנים ובנות א-ב', 'שיעור כדורגל בהם נלמד את יסודות הכדורגל בצורה מהנה ומכבדת , נכיר את חוקי המשחק ונלמד כיצד להתמודד עם מצבי משחק כגון נצחון,הפסד,קושי והצלחה', 'נעלי ספורט וביגוד ספורטיבי', 'חינוך גופני', 1, 'ג ומעלה', 2, 'אופי ספורטיבי'),
('המקהלה הדמוקרטית', 'לימור עזריה', 'בנים ובנות א-ב', 'המקהלה הדמוקרטית תשמח לקבל
לשורותייה את כל מי שאהבת
המוזיקה והשירה שוכנת בליבן.ם.אז
מה נעשה?ננוע במרחב,נשיר יחד וגם
לבד (סולו) שירים ידועים ומקוריים,
נתמוךבפרויקטים ובטקסי בית הספר,
נלמד יסודות בפיתוח קול, שירי
סולפז'', שירי חגים, תיגוף (תיפוף על
גוף), נצפה ונאזין למקהלות מהארץ
ומהעולם.', 'קלסר ובו עשרה שמרדפים, קלמר ואהבת השירה !', 'מוזיקה', 1, 'ה'' ומעלה', 2, 'עזרה באירגון גם בחזרות ובמופעים'),
('ספורט', 'אושרי', 'א-ב', 'שיעורי החינוך הגופני לכיתות א-ב יתמקדו בפיתוח מיומנויות מוטוריות בסיסיות (ריצה, קפיצה, זריקה, שיווי משקל), דרך פעילויות משחקיות, חווייתיות ומותאמות גיל.
הפעילות תתקיים באווירה תומכת, שמאפשרת חופש תנועה, ביטוי אישי ובחירה, תוך עידוד סקרנות, שיתוף פעולה, והתמודדות עם אתגרים בדרכים יצירתיות.

הילדים ייחשפו למגוון פעילויות בחלל פתוח וסגור – מסלולי תנועה, משחקים קבוצתיים, תרגילים עם אביזרים (כדורים, חישוקים, קונוסים ועוד), ריקוד ותנועה חופשית.
הדגש המרכזי הוא על ההנאה מהתנועה, ביטחון בגוף, מודעות עצמית וחברתית, ושיפור הקשב והוויסות דרך פעילות גופנית', 'נעלי ספורט, בגדים נוחים , בקבוק מים', 'חינוך גופני', 0, 'ד ומעלה', 2, ''),
('ניבים וביטויים', 'אתי שוורץ', 'ב׳', 'בקורס נתרכז בניבים, ביטויים ופתגמים. כמו כן, ניתן דגש לשורשים ומשפחות מילים, מטבעות לשון, משלבי לשון, מילים נרדפות, הפכים, קישוריות, העשרה לשונית. נכיר פתגמים, ניבים וביטויים, את משמעותם ומקורם. בכל שבוע נתלה על הלוח בבית א''-ב'' את הניב/פתגם/ביטוי שנלמד.', 'ילדים אשר רכשו את הכתיבה. קלמר מאובזר, מחברת עטופה 40 דף 10 שורות.', 'עברית', 0, '', NULL, ''),
('"היצורים שלא עוצרים"', 'אסף רופא', 'א-ב', 'כיצד התפתחה האנושות ,מי הם הציידים לקטים, כיצד הם בנו כלים ומחסות .איזה צמחים אפשר לאכול,והייכן נמצא הצפון .אלו חלק מהמיוניות שנלמד ביחד .לעיתים נצא לסיור בהדסים לעיתים נצפה בסרט. ואפילו ננסה לבנות כלים כמו ציידים לקטים .', 'פשוט להגיע בקביעות', 'העשרה', 1, '', NULL, ''),
('נגרות', 'אילנה אפלרויט', 'א-ד', 'השיעור הינו הזדמנות ליצירה חופשית בעזרת כלים וחומרים בנגריה. נלמד לעבוד עם הכלים השונים, נכיר מגוון חומרים, נלמד שיטות עבודה בסיסיות בנגרות ושמירה על כללי הבטיחות.', '', 'מלאכות חוץ וחצר', 1, 'ה ומעלה', 2, 'ניסיון בשימוש בכלי עבודה.גישה חיובית וסבלנות לילדים צעירים.'),
('מדעים ביחד', 'ענת בן פזי', 'א', 'בקורס ייחודי זה תלמידי חט"ב ילמדו/יחנכו את תלמידי החטיבה הצעירה ויערכו איתם ניסויים בתחומים שונים במדעים. לכל תלמיד יהיה חונך קבוע, שילווה אותו בלמידה. 
במהלך הקורס התלמידים יחשפו לתופעות ומושגים מעולם המדעים, יכירו כלי מעבדה, יעבדו בצורה שיטתית ומסודרת על פי הנחיות, ישערו השערות ויציגו את התוצאות. בסוף כל ניסוי התלמידים יערכו "חשיבה על הלמידה" בעזרת יומן למידה.
בין הנושאים בהם נעסוק: המים (ציפה ושקיעה, מסיסות, צפיפות של נוזלים שונים), אויר, תגובות כימיות, צבעים, חשמל ומגנטיות ועוד.', 'נוכחות קבועה ורציפה, מחברת A4 חלקה, קלמר מאובזר (עפרונות, צבעים, מספריים ודבק).', 'מדעים', 1, 'ט ומעלה', 3, 'המתנדבים יעזרו בהכנת כלי המעבדה והחומרים, סידור וניקוי לאחר הניסויים'),
('תאטרון', 'שושי חפץ', 'לילדי א -ב', 'שעת משחק. תרגילי הרפייה, תרגילי חושים, תרגילי דמיון, תנועה יצירתית, משחקים קבוצתיים, משחקי תיאטרון, פיתוח שעת המשחק לטקסט מומחז.', 'נוכחות סדירה,אהבת התיאטרון,שמירה על כללי השיעור', 'תיאטרון', 0, '', NULL, ''),
('רובוטיקיד', 'טניה', 'א-ב', 'נפעיל את הדמיון ואת היצירתיות בבנייה של מודלים מערכות לגו של רובוטיקה לצעירים. נוכל לתכנת רובוטים פשוטים עם מנועים וחיישנים וללמוד דרכם עקרונות בסיסיים במדעים והנדסה.', '', 'טכנולוגיה', 0, '', NULL, ''),
('שעת סיפור', 'אילנה אפלרויט', '', 'הקשבה משותפת לסיפור', '', 'העשרה', 0, '', NULL, ''),
('מדעים', 'חלי אביגזר', 'א-ב', 'בקורס מדעים הילדים יחקרו את העולם דרך התנסות , משחק למידה מרחבית , נעודד למידה פעילה , אחראיות אישית ותחושת גילוי. יחד נכיר את העולם שבו אנו חיים ונגלה שהמדע הוא הרפתקה מפתיעה ומסקרנת.', 'נוכחות סדירה , תיקיה לדפים מחברת חלקה', 'מדעים', 1, 'ו ומעלה', 2, ''),
('מתולוגיה', 'חלי אביגזר', 'א-ב', 'בקורס מתולוגיה אנחנו נצא למסע בעקבות סיפורי עמים עתיקים מלאי דמיון , גיבורים ויצורים מופלאים . דרך האגדות אנחנו לומדים על ערכים, רגשות ועולמות קסומים.', 'נוכחות סדירה ,', 'העשרה', 0, '', NULL, ''),
('מחנה', 'חלי אביגזר', 'א-ב', 'קורס מחנה - נבנה ונצור יחד מקום חוויתי מתוך עולם של טבע , דמיון ועשיה. נתנסה במשימות ןפעילויות שמקרבות אותנו אל הסביבה אל עצמנו ואל החברים-', 'נעלים סגורות , רצון לבנות ללמוד ולחקור את הסביבה והחברה שאנו מבלים בה', 'מלאכות חוץ וחצר', 0, '', NULL, ''),
('ניצן ופרח', 'נגבה שור  וצוות א''ב''', 'א''', 'פרויקט של ילדי ו'' הוא חלק משנת המצווה שלהם, שבו הם חונכים את ילדי א''ומשמשים כעין אחים בוגרים במשך המחצית הראשונה,  בליווי צוות א-ב , במסגרת המפגש החד שבועי נוצרים מפגשים מחממי לב ונרקמות חברויות בין ילדי א'' לבין עצמם ובין ילדי א'' וילדי ו'' תוך כדי משחק, יצירה וכיד הדימיון הטובה', '', 'כללי', 0, '', NULL, ''),
('מוזיקה באהבה', 'ישראלה מזור', 'ילדי הגן  
ילדים מכתה א'' המעונינים להשתתף נא ליצור איתי קשר באופן פרטני.', 'נצא למסע מוזיקלי בו נרחיב רפרטואר של יצירות קלאסיות ושירים מהזמר העברי מאז ועד היום. נכיר את המלחינים/ות של יצירות ושירים אלו וננתח אותם דרך: האזנה, נגינת מקצבים בכלי הקשה מגוונים, שירה בליווי פסנתר ומנדולינה, תנועה במרחב בתוספת כדורים, מטפחות, חישוקים וסרטים. נצייר תוך כדי האזנה למוזיקה. נלמד באהבה מושגים משפת המוזיקה: מקצב, מפעם, מבנה, דינמיקה וטעימה קטנה מסולם הצלילים. כחלק מתכנית הקורס נבקר בחדר המוזיקה ונתנסה בנגינה בכלים השונים ובשירה במיקרופון. בנוסף, תינתן הזדמנות לכל ילד וילדה לבחור שירים אהובים ולהופיע איתם בכל דרך שיבחרו, בבמסגרת הקורס.', '', 'מוזיקה', 0, '', NULL, ''),
('מועדון שחמט', 'חן ארד', 'א-יב', 'המועדון פועל כמרכז רב גילאי אליו מוזמנים.ות בשמחה כל אלו שהמשחק מעניין מרגש ומסקרן אותם.ן
גם ילדים.ות שאינם יודעים לשחק עדיין מוזמנים להגיע, לצפות, ללמוד מחברים וליהנות.
מועדון השחמט הוקם בעקבות טורניר שח שהוכיח כמה השחמט הינו משחק ותיק ועם זאת עדיין מרגש ומרתק ילדים רבים. הטורניר פרי יוזמתו של תלמיד בכיתה ו, סחף אחריו עשרות משתתפים בגילאים שונים. איזה כיף :)', 'סקרנות, ושמירה על כללי המרחב :)', 'שח מט', 1, 'ט ומעלה', 2, 'אחריות ובקיאות בכללי המשחק');
-- ******** notes ********
INSERT INTO notes(course_name,teacher_name,intended_for,course_info,requirments,category,allow_valenteres,valentieres_age,max_valetires,additional_info) VALUES
('אקטואליה וסיפורים אחרים', 'נמרוד בן נוח', 'ילדי ילדות ג-ד', 'בשיעור נלמד על אירועים חשובים שקורים לנו, בני האדם, וגם אירועים הקשורים בטבע ובעולם שלנו. 
בקורס גם נכיר צורות שונות של עיתונות. 
נלמד להבדיל בין חדשות "אמיתיות" ובין חדשות שקריות 
וננסה להבין איך ניתן להיזהר מחדשות שקריות.', 'הקורס מיועד לילדות וילדים סקרניות וסקרנים 
אשר מעוניינים ללמוד ולהבין טוב יותר את האירועים החדשותיים בארץ ובעולם. 
דרישות: תבואו ככה, כמו שאתם, הכל טוב.', 'רוח וחברה', 0, '', NULL, ''),
('מרכז גינה (אין חובת נוכחות)', 'נמרוד בן נוח', 'לכל מי שאוהב לעבוד בגינה 
גן - י"ב', 'נעבוד ונגדל ירקות ופירות בגינת הירק. נעקור עשבים, נזבל ונקלטר את האדמה, נכין ערוגות, נמתח טפטפות, נזרע, נשתול ונשריש צמחים.
 נטפח באהבה, נמתין בסבלנות, נקצור את פירות העבודה הקשה ונתחיל הכל מהתחלה.', 'נעליים סגורות, ולבוש בהתאם לעונת השנה (כובע, קרם הגנה ומים)', 'מלאכות חוץ וחצר', 0, '', NULL, ''),
('פינת חי (מרכז - אין חובת נוכחות)', 'אלכס פרידמן', 'גן - י"ב', 'נכיר מקרוב את החיות בפינת החי, נטפל, נאכיל נלטף ופשוט נהייה יחד בסביבה נעימה ורגועה.', 'להגיע עם נעליים ובלבוש בהתאם למזג האויר', 'מלאכות חוץ וחצר', 1, 'ג ומעלה', 2, 'עדיפות לילדי ועדת פינת חי'),
('חיות פרא (שעתיים רצופות)', 'אלכס פרידמן', 'ג-ו', 'נלמד לעומק מי הן חיות הפרא, נכיר את עולמן והסביבה הטבעית שלהן. 
נשאל את עצמינו איך אנחנו הבני אדם משפעים עליהן ואיך חיות הפרא משפיעות עלינו, 
ועוד שאלות רבות על היחסים בין האדם לחיה. 
נקרא סיפורים על חיות ונגלה יחד עד כמה החיות הן חלק מהתרבות שלנו. 
את הכל נעשה עם הרבה דמיון ומשחקים.', 'סקרנות, קלמר מלא בצבעים, מספריים ודבק, מחברת', 'מדעים', 0, '', NULL, ''),
('אנגלית ג'' - 3 שעות שבועיות', 'נגה ויגודה ושרון הנסב', 'ילדי וילדות ג''', 'קורס מובנה בעיקר לתלמידי ג'' - תלמידים שזוהי ההיכרות הראשונית שלהם עם הקריאה והכתיבה. בקורס נכיר את עולם הצלילים של השפה האנגלית. נלמד את כללי הקריאה והכתיבה. נחבר צלילים וניצור מילים. בנוסף נלמד ונתרגל דיבור ברמה בסיסית ונלמד אוצר מילים חדש.  נעבוד בחוברת עבודה תואמת רמה. נצפה בהרבה סרטונים ושירים ובכך נעשיר את השפה בצורה חווייתית.', 'עמידה בכללי השיעור כפי שהוגדרו על ידי המורה בשיעורים הראשונים.
התלמידים יקבלו חוברת עבודה מבית הספר.
הציוד הנדרש:
תיקייה המכילה את חוברת העבודה ומחברת.
2-3 מחברות חכמות חובה (לא תתאפשר עבודה בכל מחברת אחרת)
קלמר מצויד ב: 
צבעי עיפרון, 3 עפרונות מחודדים, מחדד עם מיכל
מחק, מספריים, דבק סטיק קטן.
ייתכנו בקשות נוספות במהלך השנה', 'אנגלית', 0, '', NULL, ''),
('אנגלית ד'' - 3 שעות שבועיות', 'נגה ויגודה ושרון הנסב', 'ילדי וילדות ד''', 'הקורס מיועד למסיימי קורס אנגלית ג'' ולילדים אשר מזהים את האותיות והצלילים וקוראים מילים קצרות. אחרי שלמדנו לכתוב ולקרוא נצא למסע בעולם האנגלית: נדבר, נכתוב, נקרא סיפורים ונשחק באנגלית. נלמד על הסביבה שלנו, על המשפחה ונצא להכיר את השכונה. שימו לב - כדי להגיע לרמה אחידה ככל האפשר, במהלך החודש הראשון נחזור בקצרה על הבסיס, נשנן היטב את אבני הבניין של השפה ונחזור על האותיות, הצלילים ועל כללי הקריאה והכתיבה שלמדנו בכיתה ג''. נמשיך להעשיר את אוצר המילים ואת הבנת הנקרא. בתחילת השנה נקיים מבדק לכל ההילדים בכיתה כדי לוודא שכולם ברמה המתאימה לקורס.', 'עמידה בכללי השיעור כפי שהוגדרו על ידי המורה בשיעורים הראשונים.
התלמידים יקבלו חוברת עבודה מבית הספר.
הציוד הנדרש:
תיקייה המכילה את חוברת העבודה ומחברת.
2-3 מחברות חכמות חובה (לא תתאפשר עבודה בכל מחברת אחרת)
קלמר מצויד ב: 
צבעי עיפרון
3 עפרונות מחודדים
מחדד עם מיכל
מחק
מספריים
דבק סטיק קטן
יתכנו בקשות נוספות במהלך השנה', 'אנגלית', 0, '', NULL, ''),
('ממשפחה לעם - שעתיים שבועיות', 'נגבה שור', 'ילדי וילדות ג''', 'נעסוק בספר שמות: תקופת העבדות, סיפורי משה ויציאת מצריים- הסיבות, התוצאות ותחילת המסע לארץ המובטחת. 
נחקור, נרצה, ניצור ונשחק.', 'השתתפות פעילה ורציפה לאורך השנה. 
להגיע עם: מחברת 14 שורות וקלמר מאובזר.', 'מקרא', 0, '', NULL, ''),
('במבחן האמונה - שעתיים שבועיות', 'נגבה שור', 'ילדי וילדות ד''', 'נעסוק בנושאים מהספרים: ויקרא, במדבר ודברים: בתהליך הגיבוש והזהות של עם ישראל, 
ב"זיג זג" באמונה - הסיבות והתוצאות, מהנדודים במדבר ועד הכניסה לארץ.
 נחקור, נרצה, ניצור ונחנוך את ילדי הגן.', 'השתתפות פעילה ורציפה לאורך השנה. 
להגיע עם: מחברת, קלמר מאובזר, תנ"ך מלא!', 'מקרא', 0, '', NULL, ''),
('סטודיו לאמנות, יסודי', 'ענת בדר', 'ג''-ו''', 'נעבוד בסדנה כמו אמנים ואמניות בסטודיו. 
כל חומרי האמנות פתוחים ומזמינים אותנו ליצור, להתנסות, להמציא, לחקור ולגלות. 
נשוחח על אמנות ונחפש מקורות השראה. 
נתנסה באתגרי יצירה. נציג תערוכות.', 'נכונות ליצור ולהתנסות בעבודה עם חומרים שונים. 
הקפדה ושמירה על הרגלי עבודה וכללי הסדנה
ניתן להגיע לשעתיים או לשעה הראשונה בלבד.', 'אומנות', 0, '', NULL, ''),
('כיף כפליים
(3 שעות שבועיות)', 'עדי בדר', 'ילדי וילדות  ג''', 'בקורס נלמד אסטרטגיות, שיטות ואפילו טריקים שיהפכו את כל לימוד הכפל והחילוק, לחוויתי ו.. כיף כפליים!
 נגלה ביחד מהם החוקים של בית המספרים? איפה בחיי היום יום פוגשים מספרים גדולים? 
ואיך מבצעים פעולות חיבור וחיסור במספרים גדולים?', 'דרישות מקדימות: 
קריאה, כתיבה ושליטה בנושאים חשבוניים שנלמדו בקורס "מרכז למידה א-ב", 
כולל הכרת המספרים והמבנה העשרוני בתחום האלף, משמעות הכפל, 
ידיעת כפולות בסיסיות (2, 5, 10) וחיבור עד 100 כולל המרה. 

 ציוד: קלמר מלא, מחברת משבצות קטנה או גדולה 
(אפשר מחברת אחת לכל קורסי החשבון), 
תיקייה לשמירת דפים (אפשר תיקייה אחת לכל הקורסים). 
השתתפות הכרחית ב-3 שעות שבועיות.', 'מתמטיקה', 1, 'ד'' ומעלה', 2, 'ילד/ה שהשלימ/ה בהצלחה את הקורס ועם הרבה סבלנות לעזור לאחרים :-)'),
('לשבור את השבר 1', 'יפעת שורר', 'ג-ד', 'מרגישים שאתם מבינים (כמעט) הכל על מספרים שלמים?
 זה הזמן להכיר עולם חדש של מספרים... עולם השברים! 
בדרך יצירתית וחוויתית, נחקור ונגלה: מיהו השבר הפשוט? 
ואיפה אנחנו פוגשים אותו בחיי היום יום?', 'דרישות מקדימות: שליטה בנושאים שנלמדו בקורס "כיף כפליים", 
כולל משמעות הכפל והחילוק, ידיעת לוח הכפל, חיבור וחיסור בתחום הרבבה.

 ציוד: קלמר מלא, מחברת משבצות קטנה או גדולה (אפשר מחברת אחת לכל קורסי החשבון), 
תיקייה לשמירת דפים (אפשר תיקייה אחת לכל הקורסים). 
השתתפות בשעה שבועית.', 'מתמטיקה', 1, 'ה'' ומעלה', 2, 'ילד/ה שהשלימ/ה בהצלחה את הקורס ועם הרבה סבלנות לעזור לאחרים :-)'),
('עולם המספרים הגדולים 1
(שעתיים שבועיות)', 'עדי בדר
 טניה אוסטלוב', 'ג-ד', '"עשר זה מעט, מאה זה יותר, אלף זה הרבה ומיליון זה המון!" 
(מתוך "והילד הזה הוא אני", יהודה אטלס). 
אז לכם ולכן שכבר שולטים בעשרות, מאות ואלפים, ברוכים הבאים לעולם המספרים הגדולים! 
בקורס נכיר ונחקור מספרים בתחום המיליון (ואף יותר!) ו"נשתדרג" ב-4 פעולות החשבון.', 'דרישות מקדימות: שליטה בנושאים שנלמדו בקורס "כיף כפליים", כולל הכרות עם מספרים גדולים (באלפים) ו-4 פעולות חשבון. 

 ציוד: קלמר מלא, מחברת משבצות קטנה או גדולה (אפשר מחברת אחת לכל קורסי החשבון), 
תיקייה לשמירת דפים (אפשר תיקייה אחת לכל הקורסים). 
השתתפות בשעתיים שבועיות הכרחית.', 'מתמטיקה', 1, 'ה'' ומעלה', 2, 'ילד/ה שהשלימ/ה בהצלחה את הקורס ועם הרבה סבלנות לעזור לאחרים :-)'),
('צורות הפלא 1', 'עדי בדר', 'ילדי וילדות  ד''', 'בואו נצא למסע הכרות עם העולם המופלא של הצורות... 
נרכיב, נסרטט, נקפל, נבנה, נצלם ונחקור את הסביבה. 
נפתח את הראייה החזותית במישור ונכיר מושגי יסוד בגאומטריה.', 'קלמר מלא בכל טוב! (סרגל, מספריים, דבק סטיק וצבעים),
מחברת משבצות קטנה או גדולה (אפשר מחברת אחת לכל קורסי החשבון), תיקייה לשמירת דפים (אפשר תיקייה אחת לכל הקורסים). 
השתתפות בשעה שבועית. מיועד לילדי ד''.', 'מתמטיקה', 1, 'ה'' ומעלה', 2, 'ילד/ה שהשלימ/ה בהצלחה את הקורס ועם הרבה סבלנות לעזור לאחרים :-)'),
('שעת כושר ואושר', 'ליהי אשר אברהם', 'ג-ד', 'אימון גופני מותאם במיוחד לילדי וילדות כיתות ג''–ד''.
בשילוב תנועה, משחקים, אתגרים כיפיים ושיח על גוף בריא ואורח חיים שמח. 
נמתח, נתחזק, נשתף פעולה  ונלמד איך לשמור על הגוף והמצב-רוח, מתוך שמחה, חופש ובחירה. 
תנועה לגוף – ואושר לנשמה! 
מעבר לפעילות הגופנית החווייתית, הידע יוצג בצורה ברורה וקלילה: תזונה נכונה, חשיבות השינה, דימוי גוף חיובי ומודעות גופנית. אעניק לילדים כלים מעשיים ליישום שיפור אורח החיים שלהם, נחזק את הביטחון העצמי ונטפח הבנה עמוקה של הקשר בין תנועה, בריאות ואושר.', 'ביגוד ונעלי ספורט, בקבוק מים', 'תנועה', 0, '', NULL, ''),
('ספורט ג-ד מיקו', 'מיקו', 'ג-ד', 'ספורט עם מיקו , לשיפור היכולות הספורטיביות המתאימות לגילאים האלו , נשפר את היכולות האירוביות שלנו , נתחזק , נעבוד על גמישות מהירות וקאורדינציה.
שני שיעורים בשבוע 
חובה להגיע עם בגדי ספורט 
השיעור כולל כושר גופני ומשחקי כדור', 'ביגוד ספורט ונעלי ספורט', 'חינוך גופני', 1, 'ה ומעלה', 2, 'אופי ספורטיבי'),
('המקהלה הדמוקרטית', 'לימור עזריה', 'ילדי וילדות ג-ד', 'המקהלה הדמוקרטית, שמחה לקבל אל שורותיה, את
כל מי שאהבת המוזיקה והשירה שוכנת בליבו וליבה. 
אז מה נעשה? ננוע במרחב, נשיר יחד וגם לבד (סולו)
שירים ידועים ומקוריים, נלמד לשיר ב"קנון", 
נחבור לעיתים למקהלה הצעירה והבוגרת איתם נתמוך
בפרוייקטים ובטקסי בית הספר. 
נלמד יסודות בפיתוח קול, שירי סולפז'', שירי חגים, תיגוף (תיפוף על גוף) 
נצפה ונאזין למקהלות מהארץ ומהעולם.', 'קלסר ובו 10 שמרדפים, 
קלמר, 
ואהבת השירה!', 'מוזיקה', 1, 'ו'' ומעלה', 2, 'עזרה באירגון  גם  בחזרות ובמופעים'),
('ספורט ג-ד אושרי', 'אושרי', 'ג-ד', '⸻



בשיעורי החינוך הגופני לתלמידי כיתות ג’-ד’ נשים דגש על פיתוח מיומנויות גופניות מגוונות – קואורדינציה, שיווי משקל, זריזות, גמישות, כוח וסבולת – תוך כדי משחק, תנועה ואתגר.
הפעילות תתבצע באווירה חווייתית המעודדת בחירה, שיתוף פעולה, ניסוי וטעייה, והקשבה לגוף.
נשלב משחקים קבוצתיים ותחרותיים, מסלולי כושר, תרגול עם אביזרים, תרגילי קואורדינציה, משימות שיתופיות ופעילויות תנועה חופשית.
נדגיש מיומנויות חברתיות כמו עבודת צוות.', 'נעלי ספורט, בגדי ספורט, בקבוק מים .', 'חינוך גופני', 1, 'ו ומעלה', 2, ''),
('אומנות', 'אסף רופא', 'ג-ד', 'מהיכן מגיעים הרעיונות לציור מעניין מה הדרך ליצור תחושה של תלת מימד ונפח בציור. מהם צבעים חמים, קרים, משלימים. כיצד מציירים בצבעי מים. כיצד רושמים נוף, פנים, טבע דומם. נראה ביחד עבודות של אמנים מכל תרבויות העולם ונגלה ביחד את עולם האומנות שכה חשוב לנפש האדם.', 'הגעה בקביעות לכל השיעורים', 'אומנות', 1, '', NULL, ''),
('היה היה', 'אילנה אפלרויט', 'ג-ד', 'בשיעור נאזין ביחד לפודקאסט המופלא של "כאן 11", היסטוריה לילדים. כל מספר שיעורים נחקור נושא היסטורי חדש ובעקבותיו נעשה פעיליות שונות.', 'נוכחות רציפה והשתתפות פעילה בשיעור.', 'העשרה', 0, '', NULL, ''),
('שעת סיפור', 'אילנה אפלרויט', 'ג-ד', 'הקשבה משותפת לסיפור', 'קלמר', 'העשרה', 0, '', NULL, ''),
('נגרות', 'אילנה אפלרויט', 'א-ד', 'השיעור הינו הזדמנות ליצירה חופשית בעזרת כלים וחומרים בנגריה. נלמד לעבוד עם הכלים השונים, נכיר מגוון חומרים, נלמד שיטות עבודה בסיסיות בנגרות ושמירה על כללי הבטיחות.', '', 'מלאכות חוץ וחצר', 1, 'ה-יב', 2, 'ניסיון בשימוש בכלי עבודה.גישה חיובית וסבלנות לילדים צעירים.'),
('תיכנות ג-ד
שנה א', 'נדב ליננברג', 'ג-ד', 'הקורס מהווה התנסות בעולם התכנות. 
בקורס נשחק משחקים קצרים מסקרנים ומהנים על המחשב אשר יחשפו אותנו ויאפשרו תרגול של עקרונות בסיסיים בתכנות 
- יצירת סדר של פעולות בסיסיות ופשוטות כדי לפתור משימה גדולה (מה שלפעמים מכונה אלגוריתם), 
ומנגד - הבנה של משימה גדולה מתוך סדרה של פעולות בסיסיות ופשוטות, היכולת להבין ולתקן סדרה כזו. 
לאורך הקורס (בהתאם לקצב הקבוצה) נתנסה ב-לולאות, התניות, משתנים ופונקציות. 
הקורס מבוסס על מסלול למידה באתר   code.org
בחלק השני של השנה נעבור לעולם של יצירת משחקים בעולם תלת-מימד.', 'דרישות: הקורס (שנה א) מתאים למי שלא למדו תכנות בשנה שעברה,
וגם לאלו שלמדו בשנה שעברה, 
אבל יחזור על התכנים בקצב דומה.', 'טכנולוגיה', 0, '', NULL, ''),
('תכנות ג-ד 
שנה ב', 'נדב ליננברג', 'ג-ד', 'הקורס מהווה התנסות בעולם התכנות. 
בקורס נשחק משחקים קצרים מסקרנים ומהנים על המחשב אשר יחשפו אותנו ויאפשרו תרגול של עקרונות בסיסיים בתכנות 
- יצירת סדר של פעולות בסיסיות ופשוטות כדי לפתור משימה גדולה (מה שלפעמים מכונה אלגוריתם), 
ומנגד - הבנה של משימה גדולה מתוך סדרה של פעולות בסיסיות ופשוטות, היכולת להבין ולתקן סדרה כזו. 
לאורך הקורס (בהתאם לקצב הקבוצה) נתנסה ב-לולאות, התניות, משתנים ופונקציות. 
הקורס מבוסס על מסלול למידה באתר   code.org
בחלק השני של השנה נעבור לעולם של יצירת משחקים בעולם תלת-מימד.', 'דרישות: הקורס (שנה ב) יחזור על חלק מהתכנים של שנה שעברה, 
אבל קצב ההתקדמות יהיה יותר מהיר 
(מיועד בעיקר לאלו שלמדו בשנה שעברה,
 אבל גם תלמידים חדשים רשאים להצטרף).', 'טכנולוגיה', 0, '', NULL, ''),
('שעשועי מדע', 'בנימין נורי', 'ג-ד', 'נצא למסע סקרן ומלא חוויות בעולם המדע!
נגלגל כדורים ונבדוק מי מגיע ראשון, נגלה איך מגנטים נמשכים (או דווקא דוחים),                                                                                                                                                                                                                                                                נבנה שעון שמש קטן, ניצור קשת צבעים,                                                                                                                                                                                        ונחקור איך כדור הארץ זז ומשתנה.
בכל שיעור מחכה לכם ניסוי, חידה או משחק שיגלו לכם סוד חדש על העולם –                                                                                                                                        וכל זה בדרך כיפית, יצירתית ומלאת הפתעות.
בואו לטעום את הקסם שבמדע', 'קלמר מחברת וסרגל.  משך השיעור שעתיים.', 'מדעים', 0, '', NULL, ''),
('מועדון שחמט', 'חן ארד', 'א-יב', 'המועדון פועל כמרכז רב גילאי אליו מוזמנים.ות בשמחה כל אלו שהמשחק מעניין מרגש ומסקרן אותם.ן
גם ילדים.ות שאינם יודעים לשחק עדיין מוזמנים להגיע, לצפות, ללמוד מחברים וליהנות.
מועדון השחמט הוקם בעקבות טורניר שח שהוכיח כמה השחמט הינו משחק ותיק ועם זאת עדיין מרגש ומרתק ילדים רבים. הטורניר פרי יוזמתו של תלמיד בכיתה ו, סחף אחריו עשרות משתתפים בגילאים שונים. איזה כיף :)', 'סקרנות, ושמירה על כללי המרחב :)', 'שח מט', 1, 'ט ומעלה', 2, 'אחריות ובקיאות בכללי המשחק'),
('מרחב שפה', 'אירית גילר סיגל דרור', 'ג-ד', 'השנה ייפתח מרחב שפתי לילדי היסודי ברוח הגישה המונטסורית.
המרחב יאפשר לכל תלמיד ותלמידה לקדם מיומנויות שפתיות בקצב אישי, 
תוך עבודה בקבוצות קטנות. 
הדגש יהיה על פיתוח לומד עצמאי, סקרן ובעל מוטיבציה פנימית.
הלמידה תתקיים סביב נושאים תקופתיים, מתוך חיבור לעולמם של הילדים.
המורות במרחב יעניקו מענה מותאם אישי ויעקבו אחר ההתקדמות 
והבחירות של כל תלמיד ותלמידה.', 'נדרשת נוכחות קבועה בכל ארבעת השעות השבועיות 
ושמירה על כללי הקורס.         
ציוד נדרש-
שתי מחברות שורה אחת A4, 
קלמר ובו טושים, עפרונות, מחדד, מחק, עט פיילוט שחור, 
מדגשים (צהוב, ירוק, תכלת) ותיק מהנדס (לוח קשיח)פלסטיק עם שם.', 'עברית', 0, '', NULL, ''),
('מפלצות
(שעתיים ברצף)', 'חן ארד', 'ג-ד', 'מהי מפלצת?
את מי היא מפחידה ולמה?
בקורס זה נפגוש מפלצות שונות ומשונות.        
נלמד מהיכן הגיעו ומדוע,   
ננסה לדמיין כיצד הן מתנהגות ואיך הן נראות.
ניצור בהשראתן ונמציא גם מפלצות משלנו.
בדרך נכיר תרבויות חדשות, מדינות רחוקות ומיתולוגיות עתיקות.
כל שיעור יארך שעתיים ויכלול, סיפור, דיון וסדנא.', 'קורס לאמיצים/ות בלבד!
סקרנות  ודמיון, 
מחברת חלקה וקלמר מלא.
(בהמשך נחליט במה הוא יתמלא)...
שעתיים רצופות חובה', 'העשרה', 0, '', NULL, ''),
('צייר לי כבשה', 'חן ארד', 'ילדי וילדות ג-ד
למי שאוהב.ת ספרים, ציורים וחלומות', 'מה יותר חשוב בספר, הציור או הסיפור?
ואיך מציירים שיר?
האם איור הוא רק ציור?
 ומי זה ד"ר סוס? אולי בכלל הוא חתול??
בקורס נלמד להסביר בתמונות, 
לתאר בצבעים, לשיר עם מספריים 
ובעיקר להפליג על כנפי הדמיון.', 'יצירתיות ודמיון
נוכחות והשתתפות פעילה במפגשים.
ביצוע מטלות הבית והכיתה.
מחברת ציור גדולה חלקה
קלמר מלא כל טוב.', 'העשרה', 0, '', NULL, ''),
('אוריגמטריה', 'חן ארד', 'ילדי וילדות כיתה ג', 'לימודי גיאומטריה באמצעות אוריגמי.
בקורס ניצור דגמים שונים בעזרת קיפולי נייר. 
בתהליך הקיפול נחקור ונעמיק בהבנת מושגי יסוד מתחום הגאומטריה, 
כגון מצולעים, ,זוויו, סימטריה העוד.', 'נוכחות והשתתפות פעילה במפגשים.
ביצוע מטלות בכיתה.
מחברת משובצת, דבק סטיק, סרגל ומספריים, 
כלי כתיבה, מחק וצבעים.', 'מתמטיקה', 0, '', NULL, ''),
('רובוטיקיד
(שעתיים שבועיות)', 'עדי בדר', 'ג-ד', 'נפעיל את הדמיון ואת היצירתיות בבנייה של מודלים מערכות לגו של רובוטיקה לצעירים. נוכל לתכנת רובוטים פשוטים עם מנועים וחיישנים וללמוד דרכם עקרונות בסיסיים במדעים והנדסה.', 'משמעת עצמית, נכונות לשתף פעולה בעבודה קבוצתית עם ילדים וילדות אחרים. הקורס הוא למחצית אחת (הילדים/ות מתחלפים/ות באמצע השנה).

שעתיים רצופות', 'טכנולוגיה', 0, '', NULL, ''),
('מחול', 'אורטל', '', 'קורס המחול לתלמידי ג-ד. במהלך המפגשים נכיר מושגים וסגנונות שונים מעולם המחול, נתנסה ביצירה ובאלתור ונלמד על תפקידים שונים בעולם המחול ועל מחול כמקצוע. נפתח מודעות תנועתית ונחווה יצירה משותפת ומהנה. במהלך הקורס נצא למסע מרתק ותנועתי, נרקוד, נצחק, נתרגש ונלמד יחד תנועה.', 'להגיע במכנסיים נוחים, לא ג׳ינס, מחברת וכלי כתיבה', 'תנועה', 1, '1', NULL, ''),
('משחקי תיאטרון', 'שושי', '', '', '', 'כללי', 0, '', NULL, ''),
('תיאטרון הצגה', 'שושי', '', '', '', 'כללי', 0, '', NULL, ''),
('סלט פירות', 'צוות גד', 'ג-ד', 'מפגשים חברתיים', 'המפגשים יערכו עפי שכבות גיל.   ג בנפרד ד בנפרד.', 'כללי', 0, '', NULL, '');
-- ******** alerts ********
INSERT INTO alerts(course_name,teacher_name,intended_for,course_info,requirments,category,allow_valenteres,valentieres_age,max_valetires,additional_info) VALUES
('מרכז גינה (אין חובת נוכחות)', 'נמרוד בן נוח', 'לכל מי שאוהב לעבוד בגינה גן - י"ב', 'נעבוד ונגדל ירקות ופירות בגינת הירק. נעקור עשבים, נזבל ונקלטר את האדמה, נכין ערוגות, נמתח טפטפות, נזרע, נשתול ונשריש צמחים, נטפח באהבה, נמתין בסבלנות, נקצור את פירות העבודה הקשה ונתחיל הכל מהתחלה.', 'נעליים סגורות, ולבוש בהתאם לעונת השנה (כובע, קרם הגנה ומים)', 'מלאכות חוץ וחצר', 0, '', NULL, ''),
('הספר שלי', 'נמרוד בן נוח', 'השיעור מיועד לילדים וילדות אשר אוהבות לשמוע סיפורים.', 'נקרא יחד סיפורים מופלאים, נצלול לעולם דמיוני עשיר ומלא תובנות. אם נצליח, אז גם נלמד משהו חדש על עצמנו ועל האנושות.', 'בשיעור נדרשים לחשיבה, שאילת שאלות, בחינת רגשות ושיתוף פעולה. מיועד לילדים אשר מסוגלים לשבת או לעמוד בשקט ולהקשיב לסיפור במהלך 45 דקות', 'ספרות', 0, '', NULL, ''),
('אקטואליה', 'נמרוד בן נוח', 'הקורס מיועד לילדות וילדים סקרניות וסקרנים אשר מעוניינים ללמוד ולהבין טוב יותר את האירועים החדשותיים בארץ ובעולם.', 'בשיעור נלמד על אירועים חשובים שקורים לנו, בני האדם וגם אירועים הקשורים בטבע ובעולם שלנו. בקורס גם נכיר צורות שונות של עיתונות. נלמד להבדיל בין חדשות "אמיתיות" ובין חדשות שקריות וננסה להבין איך ניתן להיזער מחדשות שקריות.', 'תבואו ככה, כמו שאתם, הכל טוב.', 'רוח וחברה', 0, '', NULL, ''),
('פינת חי (מרכז - אין חובת נוכחות)', 'אלכס פרידמן', 'גן - י"ב', 'נכיר מקרוב את החיות בפינת החי, נטפל, נאכיל נלטף ופשוט נהייה יחד בסביבה נעימה ורגועה.', 'להגיע עם נעליים ובלבוש בהתאם למזג האויר', 'מלאכות חוץ וחצר', 1, 'ג ומעלה', 2, 'עדיפות לילדי ועדת פינת חי'),
('חיות פרא (שעתיים רצופות)', 'אלכס פרידמן', 'ג-ו', 'נלמד לעומק מי הן חיות הפרא, נכיר את עולמן והסביבה הטבעית שלהן. נשאל את עצמינו איך אנחנו הבני אדם משפעים עליהן ואיך חיות הפרא משפיעות עלינו, ועוד שאלות רבות על היחסים בין האדם לחיה. נקרא סיפורים על חיות ונגלה יחד עד כמה החיות חלק מהתרבות שלנו. את הכל נעשה עם הרבה דמיון ומשחקים.', 'סקרנות, קלמר מלא בצבעים, מספריים ודבק, מחברת', 'מדעים', 0, '', NULL, ''),
('אנגלית ה''', 'נגה ויגודה ושרון הנסב', 'תלמידי ה''', 'הקורס מיועד למסיימי קורס אנגלית ד''. אחרי שלמדנו לכתוב ולקרוא נצא למסע בעולם האנגלית: נדבר, נכתוב, נקרא סיפורים ונשחק באנגלית. נלמד על הסביבה שלנו , על המשפחה, ונצא להכיר את השכונה . שימו לב- כדי להגיע לרמה אחידה ככל האפשר, במהלך החודש הראשון נחזור בקצרה על הבסיס, על החומר הנלמד ונחזור על האותיות, הצלילים ועל כללי הקריאה והכתיבה שלמדנו בכיתה ד''. קורס זה שם דגש על נושא הקריאה והכתיבה, העשרת אוצר המילים ויכולת הדיבור. בתחילת השנה נקיים מבדק כדי לווודא שכל הילדים בכיתה נמצאים ברמה המתאימה לקורס.', 'שליטה בנושאים הנלמדו בשנה הקודמת "עמידה בכללי השיעור כפי שהוגדרו על ידי המורה בשיעורים הראשונים.
התלמידים יקבלו ספר וחוברת עבודה מבית הספר.
הציוד הנדרש:
תיקייה המכילה את חוברת העבודה ומחברת.
מחברת שורות גדולה
קלמר מצויד ב: 
צבעי עיפרון, 3 עפרונות מחודדים, מחדד עם מיכל
מחק, מספריים, דבק סטיק קטן.
ייתכנו בקשות נוספות במהלך השנה

"', 'אנגלית', 0, '', NULL, ''),
('אנגלית ו''', 'סטיב לוין ואנדי פרידמן', 'תלמידי ו''', 'קורס זה שם דגש על נושא הקריאה והכתיבה, העשרת אוצר המילים ויכולת הדיבור. בקורס נשפר את יכולת השיח ונרכוש ביטחון בדיבור באמצעות משחקי תפקידים ומשימות נוספות. כמו כן נרכוש אסטרטגיות למידה שיסייעו בקריאת טקסטים, דקדוק ויצירת מבנה משפט תקין.', 'שליטה בנושאים הנלמדו בשנה הקודמת', 'אנגלית', 0, '', NULL, ''),
('מנהיגות במבחן - שעתיים שבועיות', 'נגבה שור', 'ה'' -ו''', 'נעסוק בספרים: יהושע, שופטים ומגילת רות. נובנושאים: מהי מנהיגות? תכונות מנהיג, אחריות, בחירה וחסד. נכיר את הדמויות ופועלם, הקשיים והתמורות. נשלב מקרא, אקטואליה והקשרים שונים הקשורים לחומר הנלמד, דרך חקר, משחק, הכנת מצגות שיתופיות ועוד.', 'השתתפות רציפה לאורך השנה. להגיע עם: מחברת, קלמר מאובזר ותנ"ך מלא!', 'מקרא', 0, '', NULL, ''),
('סטודיו לאמנות, יסודי', 'ענת בדר', 'ג''-ו''', 'נעבוד בסדנה כמו אמנים ואמניות בסטודיו. כל חומרי האמנות פתוחים ומזמינים אותנו ליצור, להתנסות, להמציא, לחקור ולגלות. נשוחח על אמנות ונחפש מקורות השראה. נתנסה באתגרי יצירה. נציג תערוכות.', 'נכונות ליצור ולהתנסות בעבודה עם חומרים שונים. הקפדה ושמירה על הרגלי עבודה וכללי הסדנה', 'אומנות', 0, '', NULL, ''),
('צורות הפלא 2', 'יפעת שורר', 'ה-ו', 'הצטרפו לשלב הבא של המסע, בו נחקור ונגלה את נפלאות עולם הצורות התלת ממדיות! בקורס נפעל באמצעים אמנותיים ובדרכים יצירתיות ומגוונות: נבנה מבנים וגופים הנדסיים, נרכיב, נסרטט, נצלם ועוד... נפתח את הראייה החזותית במישור ובמרחב ונכיר מושגים מתקדמים בגאומטריה.', 'דרישות מקדימות: הכרות עם מושגי יסוד בגאומטריה. 
ציוד: קלמר מלא בכל טוב, כולל סרגל, מספריים, דבק סטיק וצבעים, מחברת משבצות גדולה (אפשר מחברת אחת לכל קורסי החשבון).', 'מתמטיקה', 1, 'ו'' ומעלה', 2, 'ילד/ה שהשלימ/ה בהצלחה את הקורס ועם הרבה סבלנות לעזור לאחרים :-)'),
('לשבור את השבר 2', 'יפעת שורר
 טניה אוסטלוב', 'ה-ו', 'בקורס נגלוש מעבר לקירות הכיתה ונגלה את נפלאות השברים, המספרים העשרוניים והאחוזים. נחקור את המשמעויות השונות של השבר, נייצג אותו בדרכים מגוונות ונגלה את הקשר בין סוגי המספרים.', 'דרישות מקדימות: שליטה בנושאים שנלמדו בקורס "לשבור את השבר 1" כולל הבנה בסיסית של משמעויות השבר הפשוט. 
 ציוד: קלמר מלא ומחברת משבצות גדולה (אפשר מחברת אחת לכל קורסי החשבון). השתתפות בשעתיים שבועיות', 'מתמטיקה', 1, 'ו'' ומעלה', 2, 'ילד/ה שהשלימ/ה בהצלחה את הקורס ועם הרבה סבלנות לעזור לאחרים :-)'),
('עולם המספרים הגדולים 2', 'טניה אוסטלוב', 'ה-ו', 'חשבתם שאתם יודעים הכל אבל הכל על מספרים שלמים?? תחשבו שוב... בקורס נעמיק את הידע ונחשף לנושאים ממש מתקדמים (ומעניינים) כמו איך יודעים אם מספר מתחלק במספר אחר, מבלי לחשב? מה זה אומר לפרק מספר לגורמים? ומהו הקיצור של כפל חוזר?', 'דרישות מקדימות: שליטה בנושאים שנלמדו בקורס "עולם המספרים הגדולים 1", כולל הכרות עם מספרים בתחום המיליון וארבע פעולות חשבון. 
 ציוד: קלמר מלא ומחברת משבצות גדולה (אפשר מחברת אחת לכל קורסי החשבון).', 'מתמטיקה', 1, 'ו'' ומעלה', 2, 'ילד/ה שהשלימ/ה בהצלחה את הקורס ועם הרבה סבלנות לעזור לאחרים :-)'),
('לשבור את השבר 3', 'עדי בדר
 טניה אוסטלוב', 'ה-ו', 'זה הזמן שלכם להפוך למומחים בשברים! בקורס נצלול עוד יותר לעומק... נגלה ביחד את התשובות לשאלות מורכבות כמו - איך מוצאים חלק של חלק? מה המשמעות של "כפל מבצעים"? למה משמשים האחוזים בחיי היום? ועוד...', 'דרישות מקדימות: שליטה בנושאים שנלמדו בקורס "לשבור את השבר 2", כולל משמעויות השבר הפשוט והמספר העשרוני, צמצום והרחבה ומכנה משותף. 
 ציוד: קלמר מלא ומחברת משבצות גדולה (אפשר מחברת אחת לכל קורסי החשבון). השתתפות בשעתיים שבועיות', 'מתמטיקה', 1, 'חט"ב-תיכון', 2, 'ילד/ה שהשלימ/ה בהצלחה את הקורס ועם הרבה סבלנות לעזור לאחרים :-)'),
('עולם המספרים הגדולים 3', 'יפעת שורר', 'ה-ו', 'בקורס זה נחבר את כל הידע המתמטי שרכשנו במהלך היסודי ונפצח בעזרתו אתגרים חדשים: נחקור סדרות, נבצע סקרים ומחקרים ונכין עבודת חקר, נפתור בעיות מורכבות ועוד.', 'מיועד לילדים הלומדים במקביל לשבור את השבר 3. 
 ציוד: קלמר מלא ומחברת משבצות גדולה (אפשר מחברת אחת לכל קורסי החשבון).', 'מתמטיקה', 1, 'חט"ב-תיכון', 2, 'ילד/ה שהשלימ/ה בהצלחה את הקורס ועם הרבה סבלנות לעזור לאחרים :-)'),
('ספורט ה-ו', 'מיקו זנקו', 'ה-ו', 'שיפור ושליטה במיומנויות יסוד ויישומן במהלכי משחק ובמשפטי תנועה ו/או כללי לשיפור יכולות מוטוריות. פיתוח ושמירה על כושר גופני תוך הדגשה מיצוי היכולת האישית, ההנאה והתועלת הבריאותית במעגל החיים. יכולת בחירה מושכלת של תחומי התמחות ושליטה בפעילויות שנבחרו. ידע עיוני בנושאי החינוך הגופני ובמוטוריקה של תנועת האדם. טיפוח יחסי גומלין בין השותפים בתהליך ההוראה (בין התלמיד לחבריו ובין המורה לתלמידיו) תוך הדגשת שיתוף פעולה, עבודת צוות, שוויון הזדמנויות בין המינים, סבלנות, סובלנות והגינות בספורט. 
מעשי: אתלטיקה קלה והתעמלות, משחקי כדור, ריקוד, משחקי נופש וכושר גופני.', 'שני שיעורים. השתתפות קבועה. הגעה בזמן, להשתתף עד הסוף לפי הכללים, ביגוד ספורטיבי ונוח, נעלי ספורט והכי חשוב... אנרגיות חיוביות ורצון ללמוד וליהנות.', 'חינוך גופני', 0, 'FALSE', NULL, ''),
('המקהלה הדמוקרטית', 'לימור עזריה', 'ה-ו', 'המקהלה הדמוקרטית שמחה לקבל אל שורותייה את כל מי שאהבת המוזיקה
והשירה שוכנת בליבו. אז מה נעשה? נשיר יחד וגם לבד (סולו) שירים ידועים
ומקוריים, נתמוךבפרויקטים ובטקסי בית הספר, נלמד יסודות בפיתוח קול, שירי
סולפז'' , שירי חגים , תיגוף (תיפוף על גוף), כיצד מגישים ומגישות שיר, ננוע
וניצור "העמדה", נצפה ונאזין למקהלות מהארץ ומהעולם', 'קלסר ובו 10 שמרדפים, קלמר, נוכחות ונכונות לעבודה בקבוצה.', 'מוזיקה', 1, 'חט"ב ומעלה', 2, 'בעלי.ות סבלנות,, נכונות לעזור באירגון גם בחזרות ולקראת הופעות.'),
('מחזמר', 'לימור עזריה', 'ה-חט"ב', 'בקורס זה נתנסה בעבודה על שירים מתוך מחזות זמר ועל מחזמר מקורי.בקורס
נתנסה בפיתוח מיומנויות הקשורות לעבודה על מחזמר כמו: שירה בקבוצה, שירת
סולו, תנועה, שילוב של תנועה ושירה, למידת השירים החדשים. מטרתנו להעלות
אותו במסגרת בית הספר ואולי אף מחוצה לו.', 'קלסר ובו 10 שמרדפים, קלמר, נוכחות ונכונות לעבודה בקבוצה.', 'מוזיקה', 1, 'חט"ב ומעלה', 2, 'בעלי.ות סבלנות,, נכונות לעזור באירגון גם בחזרות ולקראת הופעות.'),
('"הפרויקט המוזיקלי"', 'לימור עזריה', 'ה-חט"ב', 'איזה פרויקט מוזיקלי ברצוננו להרים?האם  להפוך שירי ילדים לשירי רוק?אולי בכלל לשיר מתווים?אולי פרויקט התנדבות מוזיקלי?כשנפגש נחליט!', 'קלמר, נוכחות ונכונות לעבודה בקבוצה.', 'מוזיקה', 1, 'חט"ב ומעלה', 2, 'בעלי.ות סבלנות,, נכונות לעזור באירגון גם בחזרות ולקראת הופעות.'),
('ספורט - כדורשת בנות ה-ו', 'אושרי', 'בנות ה-ו', 'בשיעורי החינוך הגופני של בנות ה’-ו’ נתמקד בלמידה הדרגתית ומעמיקה של משחק הכדורשת – משחק קבוצתי שמפתח כישורים גופניים, רגשיים וחברתיים כאחד.

באמצעות תרגול מובנה ומשחקים חווייתיים נפתח מיומנויות של שליטה בכדור, דיוק במסירה, תנועה במרחב, קפיצה, תקשורת קבוצתית, קבלת החלטות בזמן אמת ועבודת צוות', 'נעלי ספורט ובגדי ספורט', 'כללי', 0, '', NULL, ''),
('אומנות טכניקות', 'אסף רופא', '', 'מהיכן מגיעים הרעיונות לציור מעניין.מה הדרך ליצור תחושה שך תלת מימד ונפח בציור.מהם צבעים חמים ,קרים,משלימים.כיצד מציירים בצבעי מים.כיצד רושמים נוף,פנים ,טבע דומם. נראה ביחד עבודות של אמנים מכל תרבויות העולם ונגלה ביחד את עולם האומנות שכל חשוב לנפש האדם', 'הגעה בקביעות לכל השיעורים. והגשת עבודות', 'כללי', 1, '', NULL, ''),
('סטודיו  לאומנות', 'אסף רופא', '', 'אחת לשבוע חדר אומנות פועל בשביל בית הספר ביחד ניצור פסלים מחומרים ממוחזרים,ציורי קיר אריחי קרמיקה ,שלטים למקומות השונים וכל מה שיוסיף למראה בית בית הספר .פתוח לכולם אין צורך במיומנות אומנותית כל שהיא', 'פשוט להגיע ולהיות שותף לעשיה', 'כללי', 1, '', NULL, ''),
('תכנות מיינקראפט', 'יובל שחף', 'ה-ו וחטב', 'הקורס הוא מבוא לתכנות שכולו במיינקראפט! כן מייקראפט! בקורס זה לא נשחק כמו שאתם מכירים אך נלמד דמות אשר תקבל מאיתנו פקודות להשלמת משימות מעניינות ומגוונות. נלמד את עקרונות התכנות בבלוקים, ובהמשך נתקדם לכתיבת קוד בפייטון. השיעורים יכללו גם לימוד תיאורטי במליאה וגם עבודה עצמית והתקדמות בקצב אישי.', 'מתאים לכל אלו הרוצים להבין מה זה מחשב ואיך אפשר ללמד מחשב לפתור בשבילנו משימות מורכבות במהירות רבה. אין דרישות קדם לקורס אלא רק רצון ללמוד ולפצח אתגרים מעניינים בצורה מהנה :)', 'טכנולוגיה', 0, '', NULL, ''),
('שיחת בנים בנות', 'סיגל דרור/ריטה   נגה ויגודה/אלכס פרידמן', 'ה-ו', 'במסגרת מפגשים חברתיים אנו ערים לצורך במרחב שבו המכנה המשותף הוא מגדרי. נקיים שיחות על נושאים חשובים שנעלה יחד, נפתור יחד סוגיות אשר יעלו מתוך הצורך החברתי.', 'מפגש שבועי
נוכחות חובה בכל המפגשים, אפשר לפרוש או להצטרף במחצית.
 אי אפשר להצטרף במהלך המחצית הראשונה או השנייה.', 'כללי', 0, '', NULL, ''),
('קופה ישראלית', 'שרון הנסב', 'ה-ו', 'בקורס זה נצפה במבחר פרקים מתוך הסדרה המוקומנטרית "קופה ראשית", אשר מציגה דמויות ומצבים הלקוחים מהחברה הישראלית. במהלך ולאחר הצפיה ננתח ונדון כיצד כל אלו מגולמים בחיי היומיום שלנו ומהי חשיבותם.', 'הגעה קבועה ונוכחות רציפה.', 'כללי', 0, '', NULL, ''),
('חיים בראי  הקולנוע', 'שרון הנסב', 'ה-ו', 'בקורס זה נצפה, נדון וננתח מבחר סרטים המתקשרים לנושאים הרלוונטיים לחיי היומיום ובעלי מסרים המתקשרים למתרחש סביבנו.', 'הגעה קבועה ונוכחות רציפה.', 'כללי', 0, '', NULL, ''),
('ניצן ופרח', 'סיגל דרור  חן ארד', 'ו''', 'במסגרת שנת המצווה של תלמידי כיתה ו'', אחת לשבוע.במחצית הראשונה תתקיים תוכנית חונכות אישית עם תלמידי כיתה א''. החונכות תתבצע במפגש שבועי של שיעור אחד.
תוכנית זו היא הזדמנות ייחודית לקחת אחריות, לתכנן ולהוביל פעילות מותאמת, לגלות גמישות, לפתח רגישות לצרכיו של האחר, לשמש דוגמה אישית ולהתנסות בכישורי מנהיגות.

בנוסף ,יתקיימו במחצית השנייה פרויקטים מגוונים,  בעלי ערך ותוכן חברתי-קהילתי, אשר יאפשרו התנסות בעשייה ייחודית עם מימד ערכי וחינוכי', 'מחוייבות אישית, התמדה, רצון להיות חלק מתוכנית שנתית חשובה זו.', 'כללי', 0, '', NULL, ''),
('שעשועי מדע', 'בנימין נורי', 'ה-ו', 'נצא למסע סקרן ומלא חוויות בעולם המדע!
נגלגל כדורים ונבדוק מי מגיע ראשון, נגלה איך מגנטים נמשכים (או דווקא דוחים), נבנה שעון שמש קטן, ניצור קשת צבעים ונחקור איך כדור הארץ זז ומשתנה.
בכל שיעור מחכה לכם ניסוי, חידה או משחק שיגלו לכם סוד חדש על העולם – וכל זה בדרך כיפית, יצירתית ומלאת הפתעות.', 'קלמר, מחברת וסרגל', 'כללי', 0, '', NULL, ''),
('גוף האדם -המכונה המופלאה', 'בנימין נורי', 'ה-ו', 'מסע מרתק אל גוף האדם – המכונה המופלאה בעולם
במהלך השנה נצא למסע סקרן ומפתיע אל תוך הגוף שלנו: נכיר את האיברים, נגלה איך הם עובדים יחד בהרמוניה מושלמת, ונבין איך אנחנו נושמים, אוכלים, מרגישים וחושבים.
דרך ניסויים, משחקים ופעילויות מהנות נחקור את הקשר המיוחד בין הגוף לרגש – איך הלב והמוח משתפים פעולה כדי ליצור את התחושות והתגובות שלנו.
יחד נגלה לא רק איך הגוף פועל, אלא גם מה אפשר לעשות כדי לשמור עליו חזק, בריא ושמח – מבחוץ ומבפנים.', 'מחברת וקלמר, נכונות לעבודה בקבוצה', 'מדעים', 0, '', NULL, ''),
('תאטרון: חיות במה', 'נעמה ברמן', 'ה''-ו''', 'אוהבים את הבמה? אוהבות לאלתר ולהשתטות, להמציא דמויות וסיפורים? 
מרגישים שבא לכם להיות הכי עצמכם או להיות מישהי אחרת לגמרי? הגעתם למקום הנכון. 
בקורס נלמד איך שחקן.ית מספר.ת סיפור דרך הגוף, הקול והדמיון.  
נתרגל טכניקות של אילתור ושחרור, בניית דמויות ונעבוד על כתיבה והמחזה של סצנות מקוריות או קיימות (מסדרות, מסרטים ומהצגות).', 'נוכחות מלאה, עבודה קבוצתית ושיתוף פעולה.

ציוד נדרש: בגדי תנועה (חולצה ומכנסיים נוחים בצבע שחור/כהה), בקבוק מים, מחברת וכלי כתיבה.  

אין צורך בידע קודם, הקורס מתאים לכל מי שחיידק הבמה פועם בליבו!', 'תאטרון', 0, '', NULL, ''),
('מרחב שפה', 'אירית גילר ,ריטה ישראילוב , סיגל דרור', 'ה-ו', 'השנה ייפתח מרחב שפתי לילדי היסודי ברוח הגישה המונטסורית..המרחב יאפשר לכל תלמיד ותלמידה לקדם מיומנויות שפתיות בקצב אישי, תוך עבודה בקבוצות קטנות. הדגש יהיה על פיתוח לומד עצמאי, סקרן ובעל מוטיבציה פנימית.
הלמידה תתקיים סביב נושאים תקופתיים, מתוך חיבור לעולמם של הילדים.
המורות במרחב יעניקו מענה מותאם אישי ויעקבו אחר ההתקדמות והבחירות של כל תלמיד ותלמידה.', 'נדרשת נוכחות קבועה בכל שלוש השעות השבועיות ושמירה על כללי הקורס כפי שיוגדרו  בתחילת השנה, ביצוע מטלות לימודיות בכיתה.    ציוד נדרש-שתי מחברות שורה אחת A4, קלמר ובו טושים, עפרונות, מחדד, מחק, עט פיילוט שחור, מדגשים (צהוב, ירוק, תכלת) ותיק מהנדס פלסטיק. (לוח קשיח) עם שם.', 'עברית', 1, 'ז ומעלה', 4, ''),
('מועדון שחמט', 'חן ארד', 'א-יב', 'המועדון פועל כמרכז רב גילאי אליו מוזמנים.ות בשמחה כל אלו שהמשחק מעניין מרגש ומסקרן אותם.ן
גם ילדים.ות שאינם יודעים לשחק עדיין מוזמנים להגיע, לצפות, ללמוד מחברים וליהנות.
מועדון השחמט הוקם בעקבות טורניר שח שהוכיח כמה השחמט הינו משחק ותיק ועם זאת עדיין מרגש ומרתק ילדים רבים. הטורניר פרי יוזמתו של תלמיד בכיתה ו, סחף אחריו עשרות משתתפים בגילאים שונים. איזה כיף :)', 'סקרנות, ושמירה על כללי המרחב :)', 'שח מט', 1, 'ט ומעלה', 2, 'אחריות ובקיאות בכללי המשחק'),
('עיצוב בסביבה דיגיטלית', 'חן ארד', 'ה-ו', 'איך משתמשים בפונטים במחשב? מהו עיבוד תמונה?
מהי רזולוציה ואיך מציירים עם עכבר?
בקורס זה, נענה על כל אלו ועוד..
נערוך היכרות עם תוכנות עיצוב שונות,
נתמקצע בעבודה בתוכנות פוטושופ, קאנבה ועוד, 
על ידי עיצוב פרויקטים לדפוס ולסביבת מסך.', 'השתתפות קבועה ופעילה במפגשים,
חובה ידע בסיסי בתפעול מחשב ובאנגלית.
סקרנות וחיוך', 'טכנולוגיה', 1, '', 45689, 'היכרות עם תוכנות אדובי 
שליטה בסביבת מסך
אחריות
ח'' ומעלה'),
('אנימציית
סטופ-מושן
Stop-motion animation', 'חן ארד', 'ה-ו', 'מהי אנימציית סטופ-מושן?
במה היא שונה מצילום וידאו?
כמה זמן אורכת הפקת סרט באורך מלא?
ואיך גורמים לפלסטלינה לזוז??
בקורס זה נלמד לשלוט בטכניקת אנימציית הסטופ-מושן. נכיר בימאים בולטים בתחום, נראה סרטים וקליפים שנעשו בטכניקה זו ויותר חשוב, נכין כמה בעצמינו.
נתרגל יצירת אשליית תנועה בדרכים שונות ובחומרים שונים, נספר סיפורים ונפיח חיים בחפצים דוממים.', 'יצירתיות, יכולת עבודה בצוות.
הומור, סבלנות וחשיבה יצירתית.
גישה לטלפון חכם בבית (לא צריך בשיעור עצמו).', 'העשרה', 1, '', 2, 'תלמידים.ות שעשו קורס בעבר , חטב ומעלה'),
('בין איור לציור
(בין טקסט לתמונה)', 'חן ארד', 'ה-ו', 'מה מבדיל איור מציור? האם מאייר חייב לצייר?
ומה חשוב יותר, התמונה או הטקסט?
בקורס נכיר מאיירים מעניינים, סוגי איור שונים כגון איור ספרים, עיתונות, קריקטורה ועיצוב דמויות.
כמו כן,  נתנסה בטכניקות שונות ומשונות, נלמד להסביר בתמונות,  לתאר בצבעים, להחיות כתמים ולשיר עם מספריים , ונעוף על כנפי הדמיון.', 'יצירתיות ודמיון
נוכחות והשתתפות פעילה במפגשים.
ביצוע מטלות הבית והכיתה.
מחברת חלקה
קלמר מלא כל טוב:
(עפרונות, מספריים, דבק סטיק,
צבעים/טושים , עט פרמננט שחור)', 'העשרה', 0, '', NULL, ''),
('מחול', 'אורטל האפרתי', 'ה-ו', 'קורס המחול לתלמידי ה-ו יפתח צוהר לעולם התנועה והביטוי האישי דרך הגוף. במהלך המפגשים נכיר מושגים וסגנונות שונים מעולם המחול, נתנסה ביצירה ובאלתור ונלמד על תפקידים שונים בעולם המחול ועל מחול כמקצוע. הקורס מזמין את התלמידים לגלות את השפה הייחודית של הגוף, לפתח מודעות תנועתית ולחוות יצירה משותפת ומהנה. במהלך הקורס נצא למסע מרתק ותנועתי. מחכה לכם', 'לקורס מגיעים במכנסים נוחים וללא ג׳ינס, נוכחות והשתתפות פעילה במפגשים חובה, כדאי להביא מחברת וכלי כתיבה.', 'תנועה', 1, 'חט״ב', 1, ''),
('FIRST Lego', 'נדב ליננברג', 'ה-ו', 'FIRST® LEGO® Challenge חושפת את התלמידים לעולם של אתגרים הנדסיים, על ידי תכנון, תכנות ובניית רובוט אוטונומי המבצע משימות על גבי לוח משימה ייחודי. במהלך השנה נתמודד מול אתגר אמיתי מהעולם בנושא שיבחר על ידי FIRST LEGO. הקבוצה תידרש לעמוד באתגרים של תכנון משימה ושיתוף פעולה. תכנות הרובוט בצורה אוטונומית ובנוסף מחקר וסיכום עיוני בנושא הנבחר והצגתו.', 'דרישות: התוכנה בה נעבוד תהיה בשפה האנגלית (אין דרישה לדעת לקרוא, אבל לא לפחד מאותיות מוזרות). שימו לב- יהיה המון כיף בקורס אבל יהיו גם חלקים עיוניים ודרישה לכתיבת עבודה במסגרת קבוצתית', 'טכנולוגיה', 0, '', NULL, ''),
('מסביב לעולם', 'אירית גילר', 'ה-ו', 'קורס חווייתי ומעשיר המזמין למסע של גילוי, חקר והרפתקה. נחקור יבשות, ארצות קרובות ורחוקות, תרבויות, טבע היסטוריה ומנהגים. דרך למידה, יצירה וחוויה  נפתח דלת לעולמות חדשים ונרחיב אופקים! נקרא טקסטים מסוגים שונים, נתרגל ונפתח מיומנויות שפה מגוונות ונעשיר אוצר מילים וידע עולם.', 'סקרנות, קלמר ומחברת שורות, אנחנו נטייל בעולם נכין אוכל, נצייר, נכתוב ונשחק!', 'עברית', 0, '', NULL, '');
-- ******** links ********
INSERT INTO links(course_name,teacher_name,intended_for,course_info,requirments,category,allow_valenteres,valentieres_age,max_valetires,additional_info) VALUES
('היסטוריה של המאה ה-20', 'אדר ענבר', 'ח''-ט''', 'לימודים בכיתה ומשימות בקלאסרום לאורך השנה. כולל חקר והצגה של נושא בכיתה בצורה עצמאית', 'נוכחות, כלי כתיבה ומחברת, הכרת תכנת קלאסרום של גוגל', 'היסטוריה', 1, 'תיכון', 1, 'עזרה לילדים שמתקשים בהתארגנות ובעבודה במחשב'),
('גיאוגרפיה: אסונות טבע ומדינות בעולם', 'אדר ענבר', 'ז''-ח''', 'לימודים בכיתה ומשימות בקלאסרום לאורך השנה. כולל חקר והצגה של נושא בכיתה בצורה עצמאית', 'נוכחות, כלי כתיבה ומחברת. במהלך הקורס נלמד ונשתמש בתכנת גוגל קלאסרום. שעה בשבוע.', 'גאוגרפיה', 1, 'ט'', תיכון', 2, 'עזרה לילדים שמתקשים בהתארגנות ובעבודה במחשב'),
('מרכז גינה (אין חובת נוכחות)', 'נמרוד בן נוח', 'לכל מי שאוהב לעבוד בגינה גן - י"ב', 'נעבוד ונגדל ירקות ופירות בגינת הירק. נעקור עשבים, נזבל ונקלטר את האדמה, נכין ערוגות, נמתח טפטפות, נזרע, נשתול ונשריש צמחים, נטפח באהבה, נמתין בסבלנות, נקצור את פירות העבודה הקשה ונתחיל הכול מהתחלה.', 'נעליים סגורות, ולבוש בהתאם לעונת השנה (כובע, קרם הגנה ומים)', 'מלאכות חוץ וחצר', 0, '', NULL, ''),
('פינת חי (מרכז - אין חובת נוכחות)', 'אלכס פרידמן', 'גן - י"ב', 'נכיר מקרוב את החיות בפינת החי, נטפל, נאכיל נלטף ופשוט נהייה יחד בסביבה נעימה ורגועה.', 'להגיע עם נעליים ובלבוש בהתאם למזג האויר', 'מלאכות חוץ וחצר', 1, 'ג ומעלה', 2, 'עדיפות לילדי ועדת פינת חי'),
('אנגלית ז''', 'סטיב לוין ואנדי פרידמן', 'תלמידי ז''', 'חיזוק מיומנויות הקריאה, רכישת כלים להתמודדות עם טקסטים, שיפור אוצר מילים, תרגול הבנת הנשמע ודיבור, רכישה מבני שפה, רכישת מיומנויות הבעה בכתב, הכרה ודרכי התמודדות עם ספרות אנגלית,  הכרת תרבויות דוברות אנגלית.
עבודות הקורס יכללו: הכתבות שבועיות;  עבודה בספרי הלימוד ודפי עבודה; הגשה והצגה של פרויקטים.', 'עמידה בכללי השיעור כפי שיוגדרו בתחילת השנה. כל תלמיד אשר בוחר בקורס אנגלית עליו לדעת באופן בסיסי: לקרוא (reading), לכתוב (writing) לדבר (speaking) ולהבין דרך הקשבה (listening). ציוד נדרש: קלמר המכיל: 2 עפרונות, מחדד, מחק, 2 טושים מדגשים. מחברת שורות רגילה גדולה (אין צורך במחברת אנגלית). תיקייה המכילה את הספר, החוברת והמחברת. ייתכנו בקשות לציוד נוסף במהלך השנה. שעתיים בשבוע.', 'אנגלית', 1, 'חט"ב', 2, ''),
('אנגלית ח''', 'סטיב לוין ואנדי פרידמן', 'תלמידי ח''', 'חיזוק מיומנויות הקריאה, רכישת כלים להתמודדות עם טקסטים, שיפור אוצר מילים, תרגול הבנת הנשמע ודיבור, רכישה מבני שפה, רכישת מיומנויות הבעה בכתב, הכרה ודרכי התמודדות עם ספרות אנגלית,  הכרת תרבויות דוברות אנגלית. עבודות הקורס יכללו: הכתבות שבועיות;  עבודה בספרי הלימוד ודפי עבודה; הגשה והצגה של פרויקטים.', 'עמידה בכללי השיעור כפי שיוגדרו בתחילת השנה. כל תלמיד אשר בוחר בקורס אנגלית עליו לדעת באופן בסיסי: לקרוא (reading), לכתוב (writing) לדבר (speaking) ולהבין דרך הקשבה (listening). ציוד נדרש: קלמר המכיל: 2 עפרונות, מחדד, מחק, 2 טושים מדגשים. מחברת שורות רגילה גדולה (אין צורך במחברת אנגלית). תיקייה המכילה את הספר, החוברת והמחברת. ייתכנו בקשות לציוד נוסף במהלך השנה. 3 שעות בשבוע.', 'אנגלית', 1, 'חט"ב', 2, ''),
('אנגלית לכיתה ט', 'סטיב לוין ואהובה ארזואן', 'תלמידי ט', 'חיזוק מיומנויות הקריאה, רכישת כלים להתמודדות עם טקסטים, שיפור אוצר מילים, תרגול הבנת הנשמע ודיבור, רכישה מבני שפה, רכישת מיומנויות הבעה בכתב, הכרה ודרכי התמודדות עם ספרות אנגלית,  הכרת תרבויות דוברות אנגלית.
עבודות הקורס יכללו: הכתבות שבועיות; משחקי תפקידים לפני הכיתה; עבודה בספרי הלימוד ודפי עבודה; הגשה והצגה של מיזמים חודשים.', 'מיועד למסיימי אנגלית ח'' בהצלחה.
עמידה בכללי השיעור כפי שיוגדרו בתחילת השנה.
מחברת אנגלית, תיקיה (קלסר חצי שקוף), כלי כתיבה, מטה קסמים וחשבון גוגל.
לב וראש פתוח ורצון טוב ללמוד. 
4 שעות שבועיות.', 'אנגלית', 1, 'תיכון', 3, 'צריכים רמה גבוהה באנגלית'),
('מתמטיקה ז', 'אורית פולק ונורית ספיר', 'תלמידי ותלמידות כיתה ז'' ו/או כל מי שעומד בדרישות הקורס', 'אלגברה: מספרים מכוונים, ביטויים אלגברים, סדר פעולות חשבון, הבנת מושג המשוואה, מערכת צירים ועוד. גאומטריה : משולשים, מרובעים, חישובי שטח והיקף, זוויות ועוד.', 'שליטה בחומר בנלמד בקורסי המתמטיקה של כיתה ו'', נוכחות רציפה ותרגול בבית ובכיתה.
4 שעות שבועיות.', 'מתמטיקה', 0, 'TRUE', 3, 'כל מי שיודע את חומר הלימוד'),
('מתמטיקה ח', 'סמיון ויינר ונעה רוזנפלדר', 'תלמידי ותלמידות כיתה ח'' ו/או כל מי שעומד בדרישות הקורס', 'אלגברה: יחס ופרופורציה, פונקציה קווית, אחוזים, משוואות בשני נעלמים, סטטיסטיקה והסתברות.
גיאומטריה: חפיפת משולשים, דמיון משולשים, משפט פתגורס, משולש שווה שוקיים, הוכחות.', 'שליטה בחומר בנלמד בקורסי המתמטיקה של כיתה ז''. 
4 שעות שבועיות.', 'מתמטיקה', 0, 'FALSE', NULL, ''),
('מתמטיקה ט', 'סמיון ויינר', 'תלמידי ותלמידות כיתה ט'' ו/או כל מי שעומד בדרישות הקורס', 'קורס מתמטיקה ברמה בסיסית. באלגברה נלמד קריאת גרפים, שאלות אורייניות, שאלות מחיי היומיום, העמקה בפונקציה קווית, אחוזים, סטטיסטיקה והסתברות. בגאומטריה ילמדו תכונות של צורות גאומטריות, היקף ושטח של מצולעים, משפט פיתגורס ודמיון משולשים. בנוסף ילמד גאומטריה במערכת צירים.', 'שליטה בחומר בנלמד בקורסי המתמטיקה של כיתה ח''. 
4 שעות שבועיות.', 'מתמטיקה', 0, 'FALSE', NULL, ''),
('מתמטיקה ט', 'ליטל ליבנה', 'תלמידי ותלמידות כיתה ט'' ו/או כל מי שעומד בדרישות הקורס', 'קורס לימודי מתמטיקה ברמה גבוהה, תוך פיתוח חשיבה מתמטית מורכבת. פתרון משוואות ריבועיות, פתרון שתי משוואות בשני נעלמים, הוכחות גיאומטריות במרובעים.', 'שליטה בחומר הנלמד בקורסי המתמטיקה של כיתה ח'' ברמה גבוהה. נכונות להשקעה, הכנת שיעורי בית ותירגול רב.  
4 שעות שבועיות.', 'מתמטיקה', 0, 'FALSE', NULL, ''),
('ועדת בית', 'אהובה ארזואן', 'כל תלמידי הבית', 'ועדת בית מארגנת ומפעילה פעילןת של הבית. הוועדה תחליט מה עושים.', 'רצון לעשות טוב לכל הבית.', 'חברתי', 0, '', NULL, ''),
('The Art of Analysis', 'אהובה ארזואן', 'מיועד לדוברי אנגלית ולתלמידים עם יכולת תפקוד טובה באנגלית בשכבות ז-יב', 'This course examines what analysis is, how it is done and how analysis can deepen our understanding of art, music, literature, cinema, informational data, social relationships and life itself. 
In this course, we will practice analysing, discuss our interpretations based on analysis and try to evaluate their quality.', 'עמידה בכללי השיעור כפי שיוגדרו בתחילת השנה.
מחברת אנגלית, תיקיה (קלסר חצי שקוף), כלי כתיבה, מטה קסמים וחשבון גוגל.

לב וראש פתוח ורצון טוב ללמוד
הקורס נחשב כקורס השכלה כללית לבגרות.', 'העשרה', 0, '', NULL, ''),
('עברית ז-ח', 'ריטה ישראילוב', 'תלמידי ז-ח', 'תכנית הלימודים: התמודדות עם טקסטים למטרות למידה. קריאה, כתיבה, הבנת הנקרא ודיבור בציבור. העשרת השפה העברית דרך משחקים, לוח השנה העברי, פתגמים והשכלה כללית. 

שימו לב: ייפתחו שלוש קבוצות מקבילות לכיתות ז-ח (זהות בתוכנן). התלמידים יבחרו קבוצה אחת וילמדו שני שיעורים קבועים בשבוע.', 'נוכחות קבועה ומלאה!
"נכונות לעבודה רציפה בכיתה ובבית כאחד. הגשת משימות, מבדקים ושיעורי בית. נדרש שיתוף פעולה ורצון ללמוד ולהעמיק עוד בשפה העברית.
יש להביא ציוד בקביעות: מחברת קבועה, כלי כתיבה וציוד נוסף שיידרש בהמשך. 
שעתיים שבועיות"', 'כללי', 0, 'FALSE', NULL, ''),
('לשון עברית', 'דורית טוירשטיין ויוגב אמיתי', 'תלמידי ט', 'תכנית הלימודים: קריאה של טקסטים אקדמיים, הבנת הנקרא והבעה על פי רמות חשיבה מסדר גבוה.
כתיבת טיעון על פי מבנה, תיקון, עריכה והגשה מחדש. 
כתיבת מיזוג של שני טקסטים על פי מבנה.
דקדוק: תחביר המשפט הפשוט ומבוא לתורת הצורות: תורת ההגה ומערכת הפועל (שלמים). 
דיבור בציבור: עמידה מול קהל
כל הלמידה דיגיטלית באתר מט"ח.', 'נוכחות קבועה ומלאה! 
נכונות לעבודה מקוונת באתר "עכשיו עברית" של מט"ח בהתאם לצורך, בכיתה ובבית.
הבאת ציוד לימודי קבוע: מחברת קבועה. 
הכנת מטלות השיעור בכיתה ובבית והתמודדות עם מבדקים. 
נדרשת נכונות לעבודה עצמית ולעבודה בקבוצות בשיעורים ובבית כאחד. 
שעתיים שבועיות.', 'עברית', 0, 'FALSE', NULL, ''),
('חינוך פיננסי', 'שושי דוכן', 'תלמידי חט"ב
לכל מי שרוצה לדעת על כסף, אוהב כסף ורוצה לחסוך כסף, ולא מקבל דמי כיס.', 'אוהבים שופיניג ולא מקבלים דמי כיס? בואו לקבל כלים בסיסיים לניהול תקציב, חשיבה ביקורתית, קבלת החלטות בניהול כלכלי אישי, הזמנות אונליין ולמה אנחנו חוגגים את יום הרווק הסיני? נלמד גם מושגים פיננסיים, נדבר גם על הביטקוין, על הבורסה ומה עושים כדי לשמור על הזכויות של הנוער העובד.', 'דרישות: סקרנות ורצון ללמוד על החיים האמיתיים,
הגעה בקביעות לשיעור, ביצוע משימות.
שעה בשבוע.', 'כללי', 0, 'FALSE', NULL, ''),
('מקרא ז-ח
 משפחה ומלוכה', 'שושי דוכן', 'ז-ח', 'נעסוק בספרים שמואל א''-ב'': נכיר את מנהיגותם, פועלם ותרומתם של השופטים האחרונים - עלי הכהן ושמואל הנביא. 
נכיר ונחקור את ההתרחשויות משלהי ימי השופטים, הנשים והמלכים.', 'עמידה בכללי הקורס כפי שייקבעו בתחילת שנה, השתתפות בשיעורים, ביצוע משימות. 
שעתיים בשבוע.', 'כללי', 0, 'FALSE', NULL, ''),
('מקרא ט'' עם סגולה', 'שושי דוכן', 'ט''', 'תקופת המלכים ישראל ויהודה נעמיק במגילות, ונחזור לספר שמות לפרקים רלוונטיים, נעמיק בחוקים המקראיים בעשרת הדיברות החובות והזכויות של בני ישראל ואיך הכול התחיל. נצא לעולמנו האקטואלי כיום השזור במקרא אז והיום.', 'ציוד: תנ"ך חובה (ללא פירושים) 
מחברת וכלי כתיבה
עמידה בכללי הקורס כפי שייקבעו בתחילת שנה, השתתפות בשיעורים, ביצוע משימות 
הגעה ברציפות. 
שעתיים בשבוע.', 'כללי', 0, 'FALSE', NULL, ''),
('אזרחות: שיעור בדמוקרטיה וערכים בחברה הישראלית', 'שושי דוכן', 'ט''', 'מי יהודי ומי ישראלי, ולמה אנחנו לפעמים לא מצליחים להסכים בינינו? דמוקרטיה בחברה הישראלית. נלמד על מדינת ישראל המורכבת ממגוון רחב של קבוצות, דתות, מיעוטים וקבוצות שונות באוכלוסיה שלנו. נכיר בלגיטימיות של הבדלי השקפות, דעות ועמדות דרך זכויות אדם ואזרח. חברה שיש בה שילוב של גלי עליה שונים מארצות שונות בתקופות שונות. מהי מדינה דמוקרטית, מהם ערכי הדמוקרטיה, מהן זכויות הפרט וחובותיו. במחצית הראשונה נצא לסיור במוסדות החשובים של הדמוקרטיה בבית המשפט העליון ובכנסת ישראל.', 'עמידה בכללי הקורס כפי שייקבעו בתחילת שנה,
השתתפות בשיעורים, שימוש והטמעה בכלים של בינה מלאכותית וכמובן ביצוע משימות.
במהלך הקורס תבצעו עבודת חקר והכנה לקראת הסיור בכנסת.
במהלך השיעורים תתבקשו לשמור על תרבות דיון ושיח מכבד ונשמור גם על דעת המיעוט והכלל.
שעתיים בשבוע.', 'כללי', 0, 'FALSE', NULL, ''),
('Back to Basics', 'סטיב לוין', 'חט"ב', 'הקורס נותן מענה ללומדים שלא לקחו חלק בקורסי אנגלית בעבר או ללומדים אשר אינם שולטים עדיין בשפה באופן התואם את שכבת גילם. בקורס נבסס ונחזק את יסודות הכתיבה הקריאה הדיבור וההבנה באמצעות משחק, שיחה וקריאת סיפורים. הקורס מיועד גם ללומדים אשר רוצים לחזק את השפה בנוסף לקורס השכבתי.', 'עמידה בכללי השיעור כפי שיוגדרו בתחילת השנה.
מחברת אנגלית, כלי כתיבה
לב וראש פתוח ורצון טוב ללמוד.
שעה בשבוע.', 'אנגלית', 1, 'חט"ב', 2, ''),
('Useful English', 'סטיב לוין', 'חט"ב', 'תרגולי שיח במצבים שונים בחו"ל.
דוגמאות:
היכרויות, Small talk, שדות תעופה, הזמנת ארוחות במסעדות, Shopping
* הלמידה בכיתה תכלול משחקי תפקידים, קטעי וידיאו ושמע.', 'עמידה בכללי השיעור כפי שיוגדרו בתחילת השנה.
מחברת אנגלית, כלי כתיבה
לב וראש פתוח ורצון טוב ללמוד.', 'אנגלית', 1, 'חט"ב', 2, ''),
('מחזמר', 'לימור עזריה', 'ה-חט"ב', 'בקורס זה נתנסה בעבודה על שירים מתוך מחזות זמר
ואפילו על מחזמר מקורי. נפתח מיומנויות ייחודיות
הקשורות לעבודה על מחזמר כמו: שירה בקבוצה, שירת
סולו, תנועה, שילוב של תנועה ושירה, למידת שירים
ידועים מתוך "מאמייה", "גברתי הנאווה", "בילי אליוט".', 'נוכחות סדירה, קלסר חצי שקוף ובתוכו שמרדפים, כלי כתיבה ואהבת המוזיקה והבמה.
שעה שבועית.', 'מוזיקה', 1, 'חט"ב -תיכון', 2, 'בעלי סבלנות, נכונות לעזור בחזרות ובמופעים'),
('הרכב מוסיקלי יוצר', 'לימור עזריה', 'חט"ב-תיכון', 'בקורס נקיים מפגש מוזיקלי מרגש של מנגנים ומנגנות,
זמרים וזמרות. נבחר רפרטואר אישי/קבוצתי, נשפר
את מיומנויות השירה וההופעה דרך למידת פיתוח קול,
שירה בקולות, שירת סולו,עמידה על במה. נבחר כיוון
עיבודי לשיר עליו נעבוד בשירה ונגינה יחד. בנוסף, יינתן
מקום לעבודה עם ההרכב על שירים מקורים אותם
תכתבו ותבצעו בטקסי בית הספר, בבמות הפתוחות
ובמפגשים מוסיקליים מחוץ לבית הספר.', 'הגעה, התמדה, קלסר עם שמרדפים, כלי כתיבה, נכונות לעבודה בקבוצה, אהבת המוזיקה.
שעה שבועית.', 'מוזיקה', 1, 'חט"ב-תיכון', 2, 'בעלי .ות סבלנות, נכונות לעזור בחזרות ובמופעים'),
('הפרויקט המוזיקלי', 'לימור עזריה', 'ה-חט"ב', 'איזה פרויקט מוזיקלי ברצוננו להרים? האם להפוך שירי ילדים לשירי רוק? אולי בכלל לשיר מתווים? אולי פרויקט התנדבות מוזיקלי? כשניפגש נחליט!', 'בשלב ראשון: נכונות ונוכחות.
שעה שבועית.', 'מוזיקה', 1, 'חט"ב-תיכון', 2, 'בעלי סבלנות, נכונות לעזור בחזרות ובמופעים'),
('ספורט חט"ב', 'מיקו זנקו', 'תלמידי חט"ב', 'שיפור ושליטה במיומנויות יסוד ויישומן במהלכי משחק ובמשפטי תנועה ו/או כללי לשיפור יכולות מוטוריות. פיתוח ושמירה על כושר גופני תוך הדגשה מיצוי היכולת האישית, ההנאה והתועלת הבריאותית במעגל החיים. יכולת בחירה מושכלת של תחומי התמחות ושליטה בפעילויות שנבחרו. ידע עיוני בנושאי החינוך הגופני ובמוטוריקה של תנועת האדם. טיפוח יחסי גומלין בין השותפים בתהליך ההוראה (בין התלמיד לחבריו ובין המורה לתלמידיו) תוך הדגשת שיתוף פעולה, עבודת צוות, שוויון הזדמנויות בין המינים, סבלנות, סובלנות והגינות בספורט. 
מעשי: אתלטיקה קלה והתעמלות, משחקי כדור, ריקוד, משחקי נופש וכושר גופני.', 'השתתפות קבועה. הגעה בזמן, להשתתף עד הסוף לפי הכללים, ביגוד ספורטיבי ונוח, נעלי ספורט והכי חשוב... אנרגיות חיוביות ורצון ללמוד וליהנות.
שעתיים שבועיות.', 'כללי', 0, '', NULL, ''),
('ספורט - כדורשת בנות', 'אושרי לירון', 'בנות חט״ב', 'נתמקד בלמידה הדרגתית ומעמיקה של משחק הכדורשת – משחק קבוצתי שמפתח כישורים גופניים, רגשיים וחברתיים כאחד.
באמצעות תרגול מובנה ומשחקים חווייתיים נפתח מיומנויות של שליטה בכדור, דיוק במסירה, תנועה במרחב, קפיצה, תקשורת קבוצתית, קבלת החלטות בזמן אמת ועבודת צוות.', 'נעלי ספורט, בגדי ספורט, בקבוק מים.
שעתיים בשבוע.', 'כללי', 0, '', NULL, ''),
('אומנות - טכניקות', 'אסף רופא', 'תלמידי חט"ב', 'מהיכן מגיעים הרעיונות ליצירת אומנות, איך יוצרים תחושת תלת מימד בציור, מה ההבדל בין צבעים חמים לקרים, איך יוצרים השתקפויות בצבעי מים, כיצד רושמים נוף, פנים, טבע דומם. נראה עבודות של אמנים מכל תרבויות העולם ונגלה ביחד את עולם האומנות שכל כך חשוב לנפש האדם.', 'הגעה בקביעות-הצגת עבודות 
שעתיים בשבוע', 'כללי', 1, '', NULL, ''),
('סטודיו - אומנות', 'אסף רופא', 'תלמידי חט"ב', 'אחת לשבוע חדר אומנות פועל בשביל בית הספר ביחד ניצור פסלים מחומרים ממוחזרים, ציורי קיר אריחי קרמיקה ,שלטים למקומות השונים וכל מה שיוסיף למראה בית בית הספר. פתוח לכולם אין צורך במיומנות אומנותית כל שהיא.', 'פשוט להגיע ולהיות שותף.
שעה בשבוע.', 'כללי', 1, '', NULL, ''),
('אקטואליה: המאה העשרים ואחת', 'אסף רופא', 'תלמידי חט"ב', 'בשיחה ובמחקר משותף ננסה להבין מה קורה כעת בעולם ובארץ, נגלה תרבויות מסקרנות כמו קוריאה, יפן וסין, כיצד הטכנולגיה משנה אורחות חיים, ננסה להביו סכסוכים איזוריים, נבין את ההבדל בין דור הx-y-z, מדוע ידוענים מסתבכים בפלילים, תרבות האוכל והמסעדות, הקניות, הטלוויזיה ועוד ועוד...', 'הגשת עבודות.
שעה בשבוע.', 'כללי', 1, '', NULL, ''),
('לבנות ולהיבנות', 'אלכס פרידמן', 'חט"ב', 'הקורס מתאים למי שרוצה לשפר או לרכוש מיומנויות טכניות, בעיקר בעבודה עם עץ וברזל, כלים חשמליים, יכולות תכנון ושרטוט טכני. עובדים עם הראש ואז עם הידיים!', 'להגיע בבגדי ונעלי עבודה, להשתתף, להסתקרן, להתנסות ולא לפחד לעשות טעויות. 
שימו לב: חובת נוכחות בשעתיים השבועיות.', 'כללי', 1, 'תיכון', 3, ''),
('מדעים ביחד', 'ענת בן פזי', 'חט"ב - תלמידי ז''', 'בקורס ייחודי זה תלמידי חט"ב ילמדו/יחנכו את תלמידי החטיבה הצעירה ויערכו איתם ניסויים בתחומים שונים במדעים. במהלך הקורס התלמידים יחשפו לתופעות ומושגים מעולם המדעים, יכירו כלי מעבדה, יעבדו בצורה שיטתית ומסודרת על פי הנחיות, ישערו השערות ויציגו את התוצאות. בסוף כל ניסוי התלמידים יערכו "חשיבה על הלמידה" בעזרת יומן למידה. 
תלמידי חט"ב (החונכים) מחוייבים לשתי שעות הקורס- בשעה הראשונה הם יעברו הכשרה במעבדה ובשעה השנייה יערכו את הניסוי יחד עם החניכים הצעירים שלהם. בין הנושאים בהם נעסוק: המים (ציפה ושקיעה, מסיסות, צפיפות של נוזלים שונים), אויר, תגובות כימיות, צבעים, חשמל ומגנטיות ועוד ועוד.', 'נוכחות קבועה ורציפה בקורס. כל תלמיד בוגר יקבל חניך או מספר חניכים צעירים אותם הוא ילווה במשך כל השנה, ולכן המחויבות וההתמדה חשובות מאוד. 
שעתיים שבועיות - נוכחות חובה.', 'מדעים', 1, 'ט ותיכון', 3, 'המתנדבים יעזרו בהכנת כלי המעבדה והחומרים, סידור וניקוי לאחר הניסויים'),
('כימיה: מדעי החומר', 'ענת בן פזי', 'חט"ב- ז-ח', 'במהלך הקורס נצא למסע מרתק אל תוך עולמו של החומר. נכיר את המושגים הבסיסיים של מסה ונפח, נלמד כיצד מודדים אותם ונבחן את הקשר ביניהם. נעמיק בהבנת המבנה החלקיקי של החומר – אטומים, מולקולות ומה שביניהם – ונגלה כיצד מבנה זה משפיע על תכונות החומר. נכיר את הטבלה המחזורית, נלמד כיצד "לקרוא" בה ונגלה את השפה הכימית: סמלים, נוסחאות ושמות של חומרים. הקורס ישלב ניסויים, תצפיות ודיונים – מתוך מטרה להבין טוב יותר את העולם שסביבנו.', 'הגעה רציפה, מחברת A4 (שורות) או קלסר+דפדפת, קלמר מאובזר.
שעתיים שבועיות.', 'מדעים', 0, '', NULL, ''),
('סודות התורשה', 'ענת בן פזי', 'חט"ב- ח-ט', 'בקורס זה נצלול אל תוך עולם התורשה ונגלה כיצד תכונות עוברות מהורים לצאצאים. נבחין בין תכונות תורשתיות לתכונות נרכשות, ונבחן כיצד הסביבה משפיעה על התבטאותן. נלמד על מבנה התא ועל החומר התורשתי (DNA), נבין כיצד נוצרים צאצאים ברבייה זוויגית, ומהו התהליך שקובע את מינם. נכיר את הדרכים בהן מחלות תורשתיות עוברות בין דורות, ונדון בשאלות מסקרנות על תורשה, אתיקה, זהות ושוני בין יצורים חיים.', 'הגעה רציפה, מחברת A4 (שורות) או קלסר+דפדפת, קלמר מאובזר.
שעתיים שבועיות.', 'כללי', 0, '', NULL, ''),
('ריקודי עם', 'ענת בן פזי', 'חט"ב תיכון', 'בקורס זה נלמד ונרקוד ריקודי עם! ניתן להגיע גם אם לא מכירים אפילו צעד אחד... העיקר שיש רצון ויש רגליים 😊', 'הגעה רציפה עם נעלי ספורט/סניקרס. השתתפות במשך כל השיעור.
שעה בשבוע.', 'חינוך גופני', 0, '', NULL, ''),
('פיסול קרמי', 'רות נחשון', 'חט"ב ותיכון', 'בשיעורי הפיסול נלמד להכיר את אופי החומר עימו נעבוד, טכניקות עבודה, פיתוח דמיון יצירתי ועוד...', 'א. נוכחות ומחוייבות להשתתפות במהלך כל השנה. ב.סבלנות סובלנות (יצירה בחימר הינה עבודה הנעשת בשלבים דורשת מאיתנו איפוק ואורך רוח  ). ג.כבוד הדדי תוך שמירה על אוירה נעימה בשיעור. ד. הקפדה על סדר,ניקיון ושמירה על הציוד.', 'אומנות', 0, '', NULL, ''),
('יוגה באנגלית/YOGA', 'דלית כנעני דנון', 'ילדי חטיבה ותיכון', 'שיעור יוגה המורכב מרצפים הכוללים:  מתיחות, שחרור מפרקים, תרגילי נשימה, מיינדפולנס/מדיטציות קצרות, תנוחות איזון, כוח, יציבות, פיתולים, הפוכות, כפיפות קדימה ואחורה. בשיעור יוגה באנגלית הילדים קשובים להנחיות באנגלית, כך שמיומנויות הקשב ריכוז ומיקוד משתפרות ומתחזקות.  כמו כן אימון עם העיניים וכפות רגליים יוצרים יסודות חיונים לפוקוס, יציבות ואיזון.   בנוסף הילדים גם לומדים מעט מפילוסופיית היוגה ומועברת תוך כדי התנועה כהשתקפות לחיים. השיעור מתקיים ביורט ויש מקום לעד 15 תלמידים. מדי פעם במזג אוויר טוב נצא לתרגל יוגה במדשאה מתחת לעצים בשטח מאחורי בית הספר.', 'בגדים נוחים, ללא ג׳ינס, יחפים, מזרן יוגה אישי למי שמעדיף/ה. הגעה בזמן לשיעור, עדכון המורה על אי הגעה לשיעור עם הסבר/אישור.', 'חינוך גופני', 0, '', NULL, ''),
('ספרות חט"ב', 'יוגב אמיתי', 'ז-ט', 'בקורס ספרות בחטיבת הביניים נלמד לקרוא ולהבין יצירות ספרותיות מסוגים שונים: שירים, פזמונים וסיפורים קצרים. נתרגל קריאה מעמיקה ורגישה, נלמד לזהות מאפיינים של סגנון, דמויות, עלילה ורעיונות מרכזיים, ונביע את מחשבותינו ורגשותינו כלפי הטקסטים. במהלך השנה נדון בערכים ובנושאים הקרובים לעולמכם, כמו חברות, צדק, זהות והתמודדות עם קונפליקטים. נלמד איך לנסח פרשנות אישית, איך לבסס את דברינו בעזרת ציטוטים, ונחזק את היכולת לבטא את עצמנו בכתב ובעל פה דרך היצירות שנקרא יחד. במהלך השנה תוזמנו לקרוא ספר אחד לבחירתכם ולכתוב עליו עבודת סיכום.', 'נוכחות מלאה, השתתפות פעילה, ביצוע המטלות לאורך כל השנה. מחברת ספרות, כלי כתיבה', 'ספרות', 0, '', NULL, ''),
('קיצור תולדות הכל', 'יוגב אמיתי', 'ז-ט', 'נלמד את סיפורו של היקום והאדם מזווית רחבה ומדעית. נתחיל במפץ הגדול ובהיווצרות היקום, נמשיך בהתפתחות החיים על פני כדור הארץ ובהופעת המין האנושי, ונתקדם דרך נקודות מפנה משמעותיות כמו המהפכה החקלאית, התפתחות התרבויות והדתות, המהפכה המדעית, המהפכה התעשייתית ועד לעולם המודרני והעתיד האפשרי. הקורס משלב ידע ממדעי הטבע ומתחום ההיסטוריה, ומעודד פיתוח חשיבה ביקורתית, שאלת שאלות גדולות על מקומו של האדם בעולם, והבנה של תהליכים רחבים בעזרת סיפור מסגרת אחד כולל. הלמידה מבוססת על חקר, עבודת צוות, דיון והבנה של הקשרים בין האדם, החברה והסביבה.', 'נוכחות מלאה, השתתפות פעילה, ביצוע המטלות לאורך כל השנה. מחברת ספרות, כלי כתיבה', 'היסטוריה', 0, '', NULL, ''),
('תאטרון: דרמה קווינס', 'נעמה ברמן', 'ז''-ח''', 'אוהבים את הבמה? אוהבות לאלתר ולהשתטות, להמציא דמויות וסיפורים? 
מרגישים שבא לכם להיות הכי עצמכם או להיות מישהי אחרת לגמרי? הגעתם למקום הנכון. 
בקורס נלמד איך שחקן.ית מספר.ת סיפור דרך הגוף, הקול והדמיון.  
נתרגל טכניקות של אילתור ושחרור, בניית דמויות ונעבוד על כתיבה והמחזה של סצנות מקוריות או קיימות (מסדרות, מסרטים ומהצגות).', 'נוכחות מלאה, עבודה קבוצתית ושיתוף פעולה.

ציוד נדרש: בגדי תנועה (חולצה ומכנסיים נוחים בצבע שחור/כהה), בקבוק מים, מחברת וכלי כתיבה.  

אין צורך בידע קודם, הקורס מתאים לכל מי שחיידק הבמה פועם בליבו!', 'תאטרון', 0, '', NULL, ''),
('תאטרון: 
משקספיר ועד חנוך לוין', 'נעמה ברמן', 'ח''-ט''-תיכון', 'מהי דמות? איך מספרים סיפור על במה? מהי מיזנסצנה ומהי קומפוזיציה? מהי סצנה ומהו דיאלוג? מה ההבדל בין פעולה פיזית ובין פעולה דרמטית? ולמה אילתור דורש מאיתנו הכי הרבה הכנה מראש? 
נלמד ונתרגל את יסודות המשחק והבימוי באמצעות טכניקות של עבודה עם הקול, הגוף והדמיון. 
כל מפגש יתחיל בחימום ובתרגילי תאטרון. נלמד וניישם כלים למשחק ולבימוי, נעבוד עם טקסטים מתוך מחזות עכשוויים ועתיקים, בשפה גבוהה ובסלנג, נחווה דרמה וגם קומדיה וניצור גם קטעים מקוריים. 
בסוף סמסטר א'' יתקיים שיעור פתוח ובסוף סמסטר ב'' מופע סיום.', 'נוכחות מלאה, עבודה קבוצתית ושיתוף פעולה.

ציוד נדרש: בגדי תנועה (חולצה ומכנסיים נוחים בצבע שחור/כהה), בקבוק מים, מחברת וכלי כתיבה.  

אין צורך בידע קודם, הקורס מתאים לכל מי שחיידק הבמה פועם בליבו!', 'תאטרון', 0, '', NULL, ''),
('סדנת כתיבה יצירתית', 'נעמה ברמן', 'ז'' - ח'' - ט'' - תיכון', 'מהו "סיפור"? האם אפשר לכתוב שיר ב-5 מילים? מהיכן שואבים השראה ומהו תחקיר? איך מפעילים ומאמנים את שריר הדמיון? מה בין כתיבה למגירה ובין כתיבה לקהל? מה ההבדל בין כתיבה יצירתית ובין כתיבה עיתונאית או שיווקית? איך כותבים דיאלוג מצחיק או מרגש? 
במפגשים נתנסה בתרגילי כתיבה בז''אנרים שונים, בחיפוש אחר אחר הקול האישי והפנימי של כל אחת ואחד. 
יחד ניצור מרחב קבוצתי בטוח ומאפשר להבעה ולפסיעה בשביל הלא סלול של הכתיבה והיצירה.', 'נוכחות מלאה וביצוע תרגילים ומטלות בכיתה ובבית.

ציוד נדרש: מחברת/ קלסר עם דפים לבנים, דפי שורות וכלי כתיבה נוח. 

אין צורך בידע קודם, רק אהבה וסקרנות כלפי המילה הכתובה.', 'כללי', 0, '', NULL, ''),
('יוצרים עכשווי', 'חלי אביגזר', 'ז -ח- ט', 'נצא לטיול בציר הזמן -   נציץ לעולם האמנות והעיצוב ואיך הם השפיעו ומשפעים עד היום. נכיר אמנים/ןת  ואת  הטכניקות שהם בחרו ליצור ולעביר כל אשר על ליבם . קורס זה הוא מרחב של שיח , למידה , סקרנות , השראה וביטוי אישי .', 'נוכחות מלאה , סקרנות , אהבה לאמנות עשיה וחקירה של מדיות שונות . ציוד בהמשך', 'אומנות', 0, '', NULL, ''),
('מועדון שחמט', 'חן ארד', 'א-יב', 'המועדון פועל כמרכז רב גילאי אליו מוזמנים.ות בשמחה כל אלו שהמשחק מעניין מרגש ומסקרן אותם.ן
גם ילדים.ות שאינם יודעים לשחק עדיין מוזמנים להגיע, לצפות, ללמוד מחברים וליהנות.
מועדון השחמט הוקם בעקבות טורניר שח שהוכיח כמה השחמט הינו משחק ותיק ועם זאת עדיין מרגש ומרתק ילדים רבים. הטורניר פרי יוזמתו של תלמיד בכיתה ו, סחף אחריו עשרות משתתפים בגילאים שונים. איזה כיף :)', 'סקרנות, ושמירה על כללי המרחב :)', 'שח מט', 1, 'ט ומעלה', 2, 'אחריות ובקיאות בכללי המשחק'),
('מיניות בהתבגרות', 'חן ארד', 'ט''', 'בקורס נעסוק בהיבטים הפיזיולוגים, החברתיים, 
השכליים והרגשיים, של גיל ההתבגרות.
נשאל ונענה על שאלות, 
העוסקות במיניות שלנו ושל הסובבים אותנו . 
ועל הדרך, נרכוש כלים למוגנות ומיניות בריאה ונעימה, 
בסביבה הפיזית והוירטואלית.', 'השתתפות קבועה ופעילה במפגשים,
בגרות, סקרנות, ודיסקרטיות.
פתיחות ורצון להיות חלק מקבוצה משתפת ומכילה.', 'חינוך מיני', 0, '', NULL, ''),
('טכניקות בעיצוב ואיור', 'חן ארד', 'חט"ב', 'מה מבדיל איור מציור? האם מאייר.ת חייב.ת לצייר?
 איור, זאת אמנות או עיצוב??
בקורס נפגוש סוגי איור שונים. (כגון איור ספרים, עיתונות, קריקטורה ועיצוב דמויות), 
נכיר מאיירים מעניינים וספרים מיוחדים.
נתנסה בטכניקות שונות, נלמד להסביר בתמונות,  להעביר מסר בדרכים חדשות, 
לתאר בצבעים, לחרוט ולהדפיס, לשיר עם מספריים, ולעוף על כנפי הדמיון.', 'הקורס מיועד למתעניינים בציור, בטקסט ומה שבינהם.
בעלי דמיון, הומור, חוש ביקורתי וחשק לעבוד ולהתנסות,  
בעיקר בכיתה ולפעמים קצת בבית..

נוכחות בשעתיים רצופות חובה
והשתתפות פעילה במפגשים.
מחברת גדולה וחלקה
קלמר מלא על גדותיו.', 'העשרה', 0, '', NULL, '');
-- ******** highschool ********
INSERT INTO highschool(course_name,teacher_name,intended_for,course_info,requirments,category,allow_valenteres,valentieres_age,max_valetires,additional_info) VALUES
('היסטוריה י''', 'אדר ענבר', 'י''', 'לימודים בכיתה כולל משימות ומבחנים כחלק מהתוכנית החדשה לבגרות', 'מחברת, כלי כתיבה, נוכחות, ספר לימוד יחולק במהלך השנה', 'היסטוריה', 0, '', NULL, ''),
('היסטוריה יא''', 'אדר ענבר', 'יא''', 'לימודים סמסטריאליים בכיתה כולל משימות ומבחנים כהכנה לבחינת הבגרות במחצית', 'השתתפות בקורס היסטוריה י'', מחברת, כלי כתיבה, נוכחות, ספרי לימוד יחולקו במהלך השנה', 'היסטוריה', 0, '', NULL, ''),
('אזרחות י"ב', 'אדר ענבר', 'י"ב', 'לימודים בכיתה כולל משימות ומבחנים כחלק מהתכנית לבגרות פנימית', 'מחברת, כלי כתיבה, נוכחות', 'אזרחות', 0, '', NULL, ''),
('מרכז גינה (אין חובת נוכחות)', 'נמרוד בן נוח', 'לכל מי שאוהב לעבוד בגינה גן - י"ב', 'נעבוד ונגדל ירקות ופירות בגינת הירק. נעקור עשבים, נזבל ונקלטר את האדמה, נכין ערוגות, נמתח טפטפות, נזרע, נשתול ונשריש צמחים, נטפח באהבה, נמתין בסבלנות, נקצור את פירות העבודה הקשה ונתחיל הכל מהתחלה.', 'נעליים סגורות, ולבוש בהתאם לעונת השנה (כובע, קרם הגנה ומים)', 'מלאכות חוץ וחצר', 0, '', NULL, ''),
('מפגש תיכון', 'איה ארדיטי, נעה רוזנפלד, אדר ענבר, שושי דוכן', 'תיכון', 'מפגשים שבועיים. חלקם חובה בכדי להשתתף בפעילויות התיכון (טיול שנתי, לילה לבן וכו'')', '', 'חברתי', 0, '', NULL, ''),
('מפגש שכבתי יא', 'אדר ענבר', 'יא''', 'מפגשים שבועיים. בחלקם פעילות מחוץ לכיתה. מחויבות חברתית נוכחות חובה לבגרות מלאה. פעילויות של גיבוש, כישורי חיים, הכנה לצו ראשון, אקטואליה ועוד', 'נוכחות מלאה בכדי להיות זכאים למחויבות קבוצתית בבגרות', 'חברתי', 0, '', NULL, ''),
('מפגש שכבתי י"ב', 'שושי דוכן', 'י"ב המהממים', 'מפגש קבוע פעם בשבוע, כחלק מהמחויבות הקבוצתית הנדרשת לבגרות. יחד ניצור חוויות, נתנדב, נארגן פעילויות לתיכון ועוד.', 'נוכחות מלאה בכדי להיות זכאים למחויבות קבוצתית בבגרות ובעיקר כדי להיות שותפים לעשייה של השכבה הבוגרת בבית הספר', 'חברתי', 0, '', NULL, ''),
('פינת חי (מרכז - אין חובת נוכחות)', 'אלכס פרידמן', 'גן - י"ב', 'נכיר מקרוב את החיות בפינת החי, נטפל, נאכיל נלטף ופשוט נהייה יחד בסביבה נעימה ורגועה.', 'להגיע עם נעליים ובלבוש בהתאם למזג האויר', 'מלאכות חוץ וחצר', 1, 'ג ומעלה', 2, 'עדיפות לילדי ועדת פינת חי'),
('מתמטיקה י 3 יח"ל', 'אורית חוסינסקי', 'י', 'הכנה לבגרות ברמת 3 יח, היבחנות בבגרות פנימית השווה 30% מהציון הסופי', 'שליטה בסיסית במשוואות בנעלם אחד, מערכת צירים, משוואה ריבועית והכרת תכונות של צורות גיאומטריות - ריבוע, מלבן, טרפז, מקבילית ומעגל', 'מתמטיקה', 1, 'יב, י"א', 2, ''),
('מתמטיקה י"א 3 יח"ל', 'נעה רוזנפלדר', 'יא''', 'הכנה לבגרות ברמת 3 יח, היבחנות בבגרות פנימית השווה 35% מהציון הסופי', 'שליטה בכל החומר שנלמד בכיתה י', 'מתמטיקה', 1, 'יב', 2, ''),
('מתמטיקה י"ב 3 יח"ל', 'ליטל יבנה', 'יב', 'הכנה לבגרות ברמת 3 יח, היבחנות בבגרות פנימית השווה 35% מהציון הסופי', 'שליטה בכל החומר שנלמד בכיתה י"א', 'מתמטיקה', 0, '', NULL, ''),
('מתמטיקה י 4 יח"ל', 'סמיון ויינר', 'י', 'הכנה לבגרות ברמת 4 יח"ל', 'הכנת שיעורי בית, שליטה ברמה טובה מאוד בחומר שנלמד בכיתה ט, ברמה המתקדמת', 'מתמטיקה', 0, '', NULL, ''),
('מתמטיקה י"א 4 יח"ל', 'סמיון ויינר', 'יא''', 'הכנה לבגרות ברמת 4 יח"ל כולל היבחנות חיצונית בבגרות', 'שליטה בכל החומר שנלמד בכיתה י, והכנת שיעורי בית,', 'מתמטיקה', 0, '', NULL, ''),
('מתמטיקה י"ב 4 יח"ל', 'נעה רוזנפלדר', 'יב', 'הכנה לבגרות ברמת 4 יח"ל כולל היבחנות חיצונית בבגרות', 'שליטה בכל החומר שנלמד בכיתה יא, והכנת שיעורי בית,', 'מתמטיקה', 0, '', NULL, ''),
('מתמטיקה י 5 יח"ל', 'ליטל ליבנה', 'י', 'הכנה לבגרות ברמת 5 יח"ל', 'שליטה מצויינת וברמה גבוהה בכל החומר שנלמד בכיתה ט בקבוצה המתקדמת והגשת עבודת הקיץ, והכנת שיעורי בית,', 'מתמטיקה', 0, '', NULL, ''),
('מתמטיקה י"א 5 יח"ל', 'ליטל ליבנה', 'יא''', 'הכנה לבגרות ברמת 5 יח"ל כולל היבחנות חיצונית בבגרות', 'שליטה בכל החומר שנלמד בכיתה י, והכנת שיעורי בית,', 'מתמטיקה', 0, '', NULL, ''),
('מתמטיקה י"ב 5 יח"ל', 'נעה רוזנפלדר', 'יב', 'הכנה לבגרות ברמת 5 יח"ל כולל היבחנות חיצונית בבגרות', 'שליטה בכל החומר שנלמד בכיתה יא, והכנת שיעורי בית,', 'מתמטיקה', 0, '', NULL, ''),
('אנגלית י', 'איה ארדיטי ואהובה ארזואן', 'תלמידי כיתה י'' הרוצים לגשת ל-4 או 5 יחידות', 'הקורס מכין ל-4 או 5 יחידות בגרות באנגלית. הוא יכלול חיזוק מיומנויות הקריאה, רכישת כלים להתמודדות והבנה של טקסטים, שיפור אוצר מילים, תרגול שיח יומיומי ושמיעה של השפה, רכישת מבני שפה, רכישת מיומנויות הבעה בכתב, הכרה ודרכי התמודדות עם ספרות אנגלית, חשיפה לתרבויות שונות הדוברות את השפה. בקורס נעבוד על יצירות הספרות הנדרשות לבגרות באנגלית. ל-4 או 5 יחידות. בקורס נחזור ונחדד את חוקי הדקדוק השונים, נאתר נקודות קושי של הלומדים ונפעל לחיזוק ושיפור יכולות השפה השונות. עבודות הקורס יכללו: הגשת עבודות בספרות אנגלית; הכתבות או כתיבת חופשית שבועיות; משחקי תפקידים לפני הכיתה; עבודה בספרי הלימוד; הגשה והצגה של מיזמים חדשים בפני הכיתה.', 'מיועד לבוגרי הקורס "אנגלית לכיתה ט" בהצלחה. עמידה בכללי השיעור כפי שיוגדרו בתחילת השנה. מחברת אנגלית, מילון אלקטרוני, תיקיה (קלסר חצי שקוף), כלי כתיבה, מטה קסמים וחשבון גוגל. לב וראש פתוח ורצון טוב ללמוד.', 'אנגלית', 0, '', NULL, ''),
('אנגלית יא', 'איה ארדיטי ואהובה ארזואן', 'תלמידי כיתה יא הרוצים לגשת ל-4 או 5 יחידות', 'הקורס מכין ל- MODULES D, E, F השנה. הוא יכלול קריאת יצירות הספרות הנדרשות בשאלוני D ו-F, הכרה ודרכי התמודדות עם היבטי הספרות, תרגול בהבעה בכתב על הבנת היבטים הספרותיים של היצירות ל D MODULE ו-F ובנוסף חיזוק מיומנויות הקריאה והבנת הנשמע, רכישת כלים להתמודדות עם טקסטים, שיפור אוצר מילים, רכישה מבני שפה, רכישת מיומנויות הבעה בכתב ל - MODULE E. עבודות הקורס יכללו: תרגילי הבנת הנקרא ואוצר מילים, כתיבה חופשית, הגשה והצגה של מיזמים חודשים על הספרות ותרגול מבחני דמי בגרות.', 'מיועד לבוגרי הקורס "אנגלית לכיתה י" בהצלחה. עמידה בכללי השיעור כפי שיוגדרו בתחילת השנה. מחברת אנגלית, מילון אלקטרוני, תיקיה (קלסר חצי שקוף), כלי כתיבה, מטה קסמים וחשבון גוגל. לב וראש פתוח ורצון טוב ללמוד.', 'אנגלית', 0, '', NULL, ''),
('אנגלית יב', 'איה ארדיטי ואהובה ארזואן', 'תלמידי כיתה יב הרוצים לגשת ל-4 או 5 יחידות', 'הקורס מכין ל-G MODULE וC למבחן בעל פה ל-4,5 יחידות השנה. הוא יכלול הכרה ודרכי התמודדות עם היבטי הבעה בכתב, חיזוק מיומנויות הקריאה, רכישת כלים להתמודדות עם טקסטים, שיפור אוצר מילים, רכישה מבני שפה, רכישת מיומנויות התמודדות במבנה המבחן MODULE G. עבודות הקורס יכללו: תרגילי הבנת הנקרא, כתיבה חופשית, עבודה בספרי הלימוד ותרגול מבחני דמי בגרות. בנוסף, הקורס מכין למבחן בעל פה ל-5 יחידות השנה. הוא יכלול לפי הדרישות של המבחן בעל פה, כתיבת והצגת עבודת מחקר ואימון בהבעה בעל פה. עבודות הקורס יכללו: כתיבת והצגת עבודת מחקר הנדרשת לבגרות, תרגול בהבעה בעל פה ותרגול מבחני דמי בגרות. המבחן בעל פה הוא מתוקשב', 'מיועד לבוגרי הקורס "אנגלית לכיתה יא''" בהצלחה. עמידה בכללי השיעור כפי שיוגדרו בתחילת השנה. מחברת אנגלית, מילון אלקטרוני, תיקיה (קלסר חצי שקוף), כלי כתיבה, מטה קסמים וחשבון גוגל. לב וראש פתוח ורצון טוב ללמוד.', 'אנגלית', 0, '', NULL, ''),
('The Art of Analysis', 'אהובה ארזואן', 'מיועד לדוברי אנגלית ולתלמידים עם יכולת תפקוד טובה באנגלית בשכבות ז-יב', 'This course examines what analysis is, how it is done and how analysis can deepen our understanding of art, music, literature, cinema, informational data, social relationships and life itself. 
In this course, we will practice analysing, discuss our interpretations based on analysis and try to evaluate their quality.', 'עמידה בכללי השיעור כפי שיוגדרו בתחילת השנה.
מחברת אנגלית, תיקיה (קלסר חצי שקוף), כלי כתיבה , מטה קסמים וחשבון גוגל.

לב וראש פתוח ורצון טוב ללמוד
הקורס נחשב כקורס השכלה כללית לבגרות.', 'העשרה', 0, '', NULL, ''),
('ספרות יב', 'יוגב אמיתי', 'יב', 'בקורס ספרות 70% לבגרות נלמד במהלך השנה יצירות מופת ממגוון ז''אנרים ספרותיים: שירה עברית קלאסית ומודרנית (ביאליק, רחל, אלתרמן ועוד), סיפורים קצרים של ש"י עגנון וצ''כוב, ורומאן (ספר קריאה שלם). נכיר יצירות אלה לעומק, נלמד לנתח אותן על פי מושגים ספרותיים, ונעסוק בשאלות ערכיות, תרבותיות ואנושיות שהן מעלות. תוך הבעת עמדה מנומקת ופיתוח היכולת שלכם לפרש יצירות ספרותיות גדולות. ציון הקורס יקבע על ידי השתתפות פעילה בדיונים בכיתה וביצוע המטלות והמבחנים לאורך כל השנה, בלי מבחן בגרות חיצוני.', 'נוכחות מלאה, השתתפות פעילה, ביצוע המטלות והמבחנים לאורך כל השנה', 'ספרות 70%', 0, '', NULL, ''),
('ספרות י'' לבגרות 30%', 'יוגב אמיתי', 'י', 'בקורס ספרות 30% נכיר יצירות מרכזיות מהספרות העברית והעולמית, ונלמד לקרוא אותן באופן מעמיק, אישי וביקורתי. נעסוק בשירים נבחרים מתקופות שונות, בסיפורים קצרים ובמחזה. לאורך השנה נלמד כלים לניתוח טקסטים ספרותיים, נתרגל הבעה אישית ועמדה פרשנית, ונחבר בין היצירות לבין שאלות של זהות, מוסר, תרבות וחברה. ציון הקורס יקבע על ידי השתתפות פעילה בדיונים בכיתה וביצוע המטלות והמבחנים לאורך כל השנה, בלי מבחן בגרות חיצוני.', 'נוכחות מלאה, השתתפות פעילה, ביצוע המטלות והמבחנים לאורך כל השנה', 'ספרות 30%', 0, '', NULL, ''),
('מפגש שכבתי י', 'יוגב אמיתי', 'י', 'מפגשים שבועיים. בחלקם פעילות מחוץ לכיתה. מחויבות חברתית נוכחות חובה לבגרות מלאה. פעילויות של גיבוש, כישורי חיים והתייחסות לסוגיות שעל הפרק בבית הספר, בארץ ובעולם, עזרה ראשונה וחילוץ והצלה', 'נוכחות מלאה בכדי להיות זכאים למחויבות קבוצתית בבגרות', 'חברתי', 0, '', NULL, ''),
('לשון עברית, הבנה והבעה 
30% מהציון לבגרות', 'דורית טוירשטיין', 'תלמידי י', 'תכנית הלימודים: 
קריאה של טקסטים אקדמיים, הבנת הנקרא והבעה על פי רמות חשיבה מסדר גבוה.
כתיבת טיעון על פי מבנה ונכונות לתהליך של טיוט, תיקון, עריכה והגשה מחדש. 
דקדוק: תחביר המשפט הפשוט; מבוא לתורת הצורות: תורת ההגה, מערכת הפועל (שלמים).
שימו לב: הקורס מבוסס על הגשת מטלות ותיקונן, כלומר, כמעט ללא מבחנים, אך עם לוח זמנים מובנה מראש.
יש לשמור (בדרייב) את כל העבודות והמשימות לתלקיט!', 'נוכחות קבועה ומלאה! 
נכונות לשימוש קבוע במחשב כדי לבצע מטלות בכיתה ובבית.
הבאת ציוד לימודי קבוע: ספר לימוד ומחברת קבועה. 
הכנת מטלות השיעור בכיתה ובבית. 
נכונות לעבודה עצמית ולעבודה בקבוצות בשיעורים ובבית כאחד.  
עמידה בזמנים בהתאם לקצב הקורס. 
שלוש שעות שבועיות.', 'עברית', 0, '', NULL, ''),
('לשון עברית, הבנה והבעה
70% מהציון לבגרות', 'דורית טוירשטיין', 'חט"ב-תיכון', 'תכנית הלימודים: 
קריאה של טקסטים אקדמיים, הבנת הנקרא והבעה על פי רמות חשיבה מסדר גבוה.
כתיבת מיזוג טקסטים על פי מבנה ונכונות לתהליך של טיוט, תיקון, עריכה והגשה מחדש. 
דקדוק: שם המספר ואותיות היחס, תורת הצורות: מערכת הפועל ומערכת שם העצם.', 'נוכחות קבועה ומלאה! 
נכונות לשימוש קבוע במחשב כדי לבצע מטלות בכיתה ובבית.
הבאת ציוד לימודי קבוע: ספר לימוד ומחברת קבועה. 
הכנת מטלות השיעור בכיתה ובבית. 
נכונות לעבודה עצמית ועצמאית בשיעורים ובבית כאחד.  
ארבע שעות שבועיות.', 'עברית', 0, '', NULL, ''),
('תנ"ך התוכנית של ה70% בגרות חיצונית', 'שושי דוכן', 'תלמידי י"א', 'המשך חומר הלימוד בתוכנית של 70%: נלמד את הנושאים סיפורי יוסף, התהווות האומה ונושא חוק וחברה ואנסין', 'במהלך השנה יתקיימו מבחנים ומשימות, וכן מבחן מתכונת לקראת בחינת הבגרות. במחצית ב'' תתקיים בחינת הבגרות החיצונית', 'תנ"ך', 0, 'FALSE', NULL, ''),
('תנ"ך  התוכנית 30% וחלק מתוך ה70% לבגרות החיצונית', 'שושי דוכן', 'תלמידי י''', 'על פי התכנית לבגרות נלמד את הנושאים:
עלילות ראשית האנושות, מגילת רות, ואז נמשיך את לימוד החומר לקראת הבגרות החיצונית
בנושאים סיפורי אבות+ סיפורי יוסף+ אנסין+ חוק וחברה. 
הבגרות החיצונית על כל החומר תתקיים בכיתה י"א', 'הציון במהלך השנה יכלול תלמידאות ונוכחות בשיעורים,הגשת משימות והתנהגות בכיתה. יערכו מבחנים/עבודות במהלך השנה. בסיום חלק ה30% נמשיך בתוכנית של 70%', 'תנ"ך', 0, 'FALSE', NULL, ''),
('ספורט ברמה של אימון', 'מיקו', 'בנים ובנות תיכון', 'שיעור ספורט שלרוב מחולק לשני חלקים, כך שההתחלה שלו היא קיצבית אינטנסיבית ומשפרת במיוחד, ולאחר מכן תינתן האפשרות להשתתף במשחקי כדור.', 'חובת נוכחות עם ביגוד ספורט ונעלי ספורט. הציון מורכב כ 70% נוכחות ועוד 30% מוטיבציה והשקעה בשיעור.
השיעור הוא חובה כחלק מחובות התלמידים לבגרות', 'חינוך גופני', 0, '', NULL, ''),
('הרכב מוזיקלי יוצר', 'לימור עזריה', 'תיכון', 'בקורס נקיים מפגש מוזיקלי מרגש של מנגנים ומנגנות, זמרים וזמרות. 
נבחר רפרטואר אישי/קבוצתי, נשפר את מיומנויות השירה וההופעה דרך למידת פיתוח קול,
שירה בקולות, שירת סולו ועמידה על במה. 
נבחר כיוון עיבודי לשיר עליו נעבוד בשירה ונגינה יחד. בנוסף, ינתן מקום לעבודה עם ההרכב על שירים מקורים אותם
תכתבו ותבצעו בטקסי בית הספר, בבמות הפתוחות ובמפגשים מוסיקליים מחוץ לבית הספר.', 'נוכחות ונכונות לעבודה בקבוצה', 'מוזיקה', 1, 'חט"ב -תיכון', 2, 'בעלי.ות סבלנות ונוכונות לעזור בחזרות ובמופעים'),
('קונפליקטים סכסוכים ומה שביניהם', 'אורית', 'תיכון וכל מי שמתעניין', 'בקורס נכיר את המושגים "סכסוך" ו"קונפליקט".  נבין איך אנו מתנהלם בהם ואילו סגנונות קיימים, מהם המרכיבים הפסיכולוגיים והחברתיים שקיימים בקונפליקטים, נכיר דינמיקות של סכסוכים וקונפליקטים בעולם ונשוחח בפתיחות ורגישות על הסכסוך הישראלי-ערבי.', 'נוכחות רציפה, הכנת מצגות, הכנת מטלות, פתיחות מחשבתית ורגשית, יכולת קבלה של דעות מגוונות', 'חברתי והיסטורי', 0, '', NULL, ''),
('צילום בעזרת הנייד', 'אסף רופא', 'תיכון וכל מי שמתעניין', 'בקורס נלמד לצלם להתבונן ולספר סיפור דרך עדשת המצלמה, נכיר את יסודות הצילום: קומפוזיציה, אור, זווית צילום. נצלם בעיקר באמצעות הטלפון הנייד. נכיר את סוגי הצילום השונים: תיעודי מבוים, צילום רחוב, צילום סטודיו, פורטרטים ועוד. נשלב בין עבודה מעשית, צפייה בעבודות של צלמים חשובים, תרגילים והצגת עבודות. אם אתם אוהבים לצלם, להתבונן, לחשוב וליצור - זהו הקורס בשבילכם!', 'נוכחות רציפה. הגשת תרגילים ועבודות סיכום.', 'מדעי החברה - השכלה כללית לבגרות', 1, '', NULL, ''),
('מגמת פסיכולוגיה התפתחותית מתחילים', 'ליאת גלר קוהלי', 'תלמידי י', 'שנה ראשונה למגמה, חשיפה לעולם התוכן ולמושגים מרכזיים בפסיכולוגיה. בקורס נלמד שלושה נושאים מרכזיים: אינטילגנציות מרובות, חקר המוטיבציה / למידה, משברים. הנושאים נלמדים בדרכי הוראה חוויתיות, המאפשרות ביטוי אישי וקבוצתי (למידה דרך צילום, יצירה, ימי עיון והעשרה, כתיבה, רפלקציה ותהליך אישי).', 'נוכחות מלאה כולל בפעילויות המגמה השונות, השתתפות בשיעורים ועמידה בתנאי הקורס בהתאם למחוון שיימסר בתחילת השנה.', 'פסיכולוגיה התפתחותית', 0, '', NULL, ''),
('מגמת פסיכולוגיה התפתחותית מתקדמים', 'ליאת גלר קוהלי', 'תלמידי יא', 'שנה שנייה למגמה, למידה לבגרות חיצונית. במסגרת הקורס נלמד תיאוריות מרכזיות בהתפתחות, השפעת הסביבה והתורשה על ההתפתחות, שינויים מרכזיים בכל תקופת גיל, מושגים מרכזיים בתחום הפסיכולוגיה והסוציולוגיה של הפרט בהתייחס להתפתחות. משתתפי הקורס מתבקשים לקחת חלק פעיל בלמידה, תוך התנסות מעשית בתיאוריות ודרכי למידה מגוונות (במסגרת הקורס יתקיימו פעילויות העשרה - חובה)', 'נוכחות מלאה כולל בפעילויות המגמה השונות, השתתפות בשיעורים ועמידה בתנאי הקורס בהתאם למחוון שיימסר בתחילת השנה.', 'פסיכולוגיה התפתחותית', 0, '', NULL, ''),
('מגמת מדעי הסביבה', 'ענת בן פזי', 'תלמידי י''', 'מגמת מדעי הסביבה עוסקת בקשר בין האדם לסביבה, ומעניקה לתלמידים כלים מדעיים, חברתיים ואתיים להבנת הסוגיות הסביבתיות המרכזיות של זמננו. במהלך הלימודים נעמיק בנושאי אקולוגיה, פסולת, מים ואוויר ובנושא משבר האקלים. נבחן את הנושאים הללו מזוויות שונות – מדעיות, כלכליות, משפטיות וחברתיות – ונלמד לחשוב באופן ביקורתי ומורכב. לימודי המגמה מתפרשים על פני שלוש שנים: 
בשנתיים הראשונות נלמדים נושאי הליבה ונערכים לקראת בחינת הבגרות החיצונית (בסוף י"א). 
בשנה השלישית מבצעים עבודת חקר (אקוטופ) בנושא סביבתי. 
במהלך הלימודים נצא לסדנאות, סיורים ופעילויות חוץ-כיתתיות שיחברו בין הידע לתהליכים המתרחשים בשטח. המגמה מיועדת לתלמידים סקרנים, אכפתיים ובעלי רצון להשפיע על עולמם.', 'נוכחות מלאה בשיעורים, בסיורים ובפעילויות המגמה השונות, השתתפות פעילה, הגשת מטלות.', 'מדעי הסביבה- מגמה', 0, '', NULL, ''),
('מבוא למדעים י''- משבר האקלים', 'ענת בן פזי', 'תלמידי י'' (ותלמידים משלימים שלא למדו קורס "מבוא למדעים")', 'בקורס זה נבחן את אחד הנושאים הבוערים של המאה ה-21: שינויי האקלים. נלמד מהן הסיבות לשינויים המתרחשים במערכת האקלים העולמית, נחקור את השפעות שינויי האקלים על מערכות הטבע, על הסביבה ועל האדם, ונעמוד על הקשרים בין האקלים לכלכלה, בריאות, חברה ומערכות אקולוגיות. בנוסף, נעסוק בפתרונות אפשריים – טכנולוגיים, מדיניותיים ואישיים – ונבחן כיצד ניתן לצמצם את ההשפעות ולבנות עתיד מקיים יותר. הקורס משלב למידה עיונית, דיונים ופעילות חקר.
הקורס הוא יחידת חובה לתלמידים הבוחרים במסלול בגרות מלא.', 'נוכחות רציפה וקבועה ועמידה בכללי השיעור שיקבעו יחד בתחילת השנה.', 'כללי', 0, '', NULL, ''),
('ריקודי עם', 'ענת בן פזי', 'חט"ב ותיכון', 'בקורס זה נלמד ונרקוד ריקודי עם! ניתן להגיע גם אם לא מכירים אפילו צעד אחד... העיקר שיש רצון ויש רגליים 😊
עבור תלמידי התיכון הקורס יכול להחליף שעה של ספורט/יוגה, ולהחשב במניין שעות חנ"ג המחוייבות לבגרות', 'הגעה רציפה עם נעלי ספורט/סניקרס. 
השתתפות לאורך כל השיעור', 'חינוך גופני', 0, '', NULL, ''),
('פיסול קרמי', 'רות נחשון', 'חט"ב ותיכון', 'בשיעורי הפיסול נלמד להכיר את אופי החומר עימו נעבוד, טכניקות עבודה, פיתוח דמיון יצירתי ועוד...', 'א. נוכחות ומחוייבות להשתתפות במהלך כל השנה. ב.סבלנות סובלנות (יצירה בחימר הינה עבודה הנעשת בשלבים דורשת מאיתנו איפוק ואורך רוח  ). ג.כבוד הדדי תוך שמירה על אוירה נעימה בשיעור. ד. הקפדה על סדר,ניקיון ושמירה על הציוד.', 'אומנות', 0, '', NULL, ''),
('יוגה באנגלית /Yoga', 'דלית כנעני דנון', 'ילדי חטיבה ותיכון', 'שיעור יוגה המורכב מרצפים הכוללים: מתיחות, שחרור מפרקים, תרגילי נשימה, מיינדפולנס/מדיטציות קצרות, תנוחות איזון, כוח, יציבות, פיתולים, הפוכות, כפיפות קדימה ואחורה. בשיעור יוגה באנגלית הילדים קשובים להנחיות באנגלית, כך שמיומנויות הקשב ריכוז ומיקוד משתפרות ומתחזקות. כמו כן אימון עם העיניים וכפות רגליים יוצרים יסודות חיונים לפוקוס, יציבות ואיזון. בנוסף הילדים גם לומדים מעט מפילוסופיית היוגה ומועברת תוך כדי התנועה כהשתקפות לחיים. השיעור מתקיים ביורט ויש מקום לעד 15 תלמידים. מדי פעם במזג אוויר טוב נצא לתרגל יוגה במדשאה מתחת לעצים בשטח מאחורי בית הספר.', 'בגדים נוחים, ללא ג׳ינס, יחפים, מזרן יוגה אישי למי שמעדיף/ה. הגעה בזמן לשיעור, עדכון המורה על אי הגעה לשיעור עם הסבר/אישור.', 'חינוך גופני', 0, '', NULL, ''),
('כלכלה קלה - השכלה כללית', 'שושי דוכן', 'כיתה יוד', 'בקורס זה נלמד על הרגלים פיננסיים באמצעות חשיפה לנושא הכסף דרך מספר מעגלים- בית-הספר, המשפחה, חברים ועוד. לעזור  לתלמידים לקבל החלטות פיננסיות בחיי היומיום ונותנת בסיס להתנהלות פיננסית נבונה בחייהם הבוגרים,השקעות, מוסדות פיננסים, מניות ועוד', 'הגעה בקביעות לשיעור, נדרשת חשיבה ביקורתית
וחשיבה יצירתית. ביצוע משימות, שילוב AI בשיעורים ובמשימות
הכנת סרטונים 
עולם השיווק הדיגיטלי. יציאה לסיור - חובה', 'כללי', 0, '', NULL, ''),
('תאטרון: 
משקספיר ועד חנוך לוין', 'נעמה ברמן', 'ח''-ט''-תיכון', 'מהי דמות? איך מספרים סיפור על במה? מהי מיזנסצנה ומהי קומפוזיציה? מהי סצנה ומהו דיאלוג? מה ההבדל בין פעולה פיזית ובין פעולה דרמטית? ולמה אילתור דורש מאיתנו הכי הרבה הכנה מראש? 
נלמד ונתרגל את יסודות המשחק והבימוי באמצעות טכניקות של עבודה עם הקול, הגוף והדמיון. 
כל מפגש יתחיל בחימום ובתרגילי תאטרון. נלמד וניישם כלים למשחק ולבימוי, נעבוד עם טקסטים מתוך מחזות עכשוויים ועתיקים, בשפה גבוהה ובסלנג, נחווה דרמה וגם קומדיה וניצור גם קטעים מקוריים. 
בסוף סמסטר א'' יתקיים שיעור פתוח ובסוף סמסטר ב'' מופע סיום.', 'נוכחות מלאה, עבודה קבוצתית ושיתוף פעולה.

ציוד נדרש: בגדי תנועה (חולצה ומכנסיים נוחים בצבע שחור/כהה), בקבוק מים, מחברת וכלי כתיבה.  

אין צורך בידע קודם, הקורס מתאים לכל מי שחיידק הבמה פועם בליבו!', 'תאטרון', 0, '', NULL, ''),
('סדנת כתיבה יצירתית', 'נעמה ברמן', 'ז'' - ח'' - ט'' - תיכון', 'מהו "סיפור"? האם אפשר לכתוב שיר ב-5 מילים? מהיכן שואבים השראה ומהו תחקיר? איך מפעילים ומאמנים את שריר הדמיון? מה בין כתיבה למגירה ובין כתיבה לקהל? מה ההבדל בין כתיבה יצירתית ובין כתיבה עיתונאית או שיווקית? איך כותבים דיאלוג מצחיק או מרגש? 
במפגשים נתנסה בתרגילי כתיבה בז''אנרים שונים, בחיפוש אחר אחר הקול האישי והפנימי של כל אחת ואחד. 
יחד ניצור מרחב קבוצתי בטוח ומאפשר להבעה ולפסיעה בשביל הלא סלול של הכתיבה והיצירה.', 'נוכחות מלאה וביצוע תרגילים ומטלות בכיתה ובבית.

ציוד נדרש: מחברת/ קלסר עם דפים לבנים, דפי שורות וכלי כתיבה נוח. 

אין צורך בידע קודם, רק אהבה וסקרנות כלפי המילה הכתובה.', 'כללי', 0, '', NULL, ''),
('מועדון שחמט', 'חן ארד', 'א-יב', 'המועדון פועל כמרכז רב גילאי אליו מוזמנים.ות בשמחה כל אלו שהמשחק מעניין מרגש ומסקרן אותם.ן
גם ילדים.ות שאינם יודעים לשחק עדיין מוזמנים להגיע, לצפות, ללמוד מחברים וליהנות.
מועדון השחמט הוקם בעקבות טורניר שח שהוכיח כמה השחמט הינו משחק ותיק ועם זאת עדיין מרגש ומרתק ילדים רבים. הטורניר פרי יוזמתו של תלמיד בכיתה ו, סחף אחריו עשרות משתתפים בגילאים שונים. איזה כיף :)', 'סקרנות, ושמירה על כללי המרחב :)', 'שח מט', 1, 'ט ומעלה', 2, 'אחריות ובקיאות בכללי המשחק'),
('פרויקט- סדנה
(מגמת עיצוב שנה ב)', 'חן ארד', 'י-יא
שהשלימו מטלות משנה א', 'שני פרוייקטים במהלך השנה. 
לפרויקט הראשון לו"ז חיצוני של אגודת הגרפיקאים,
יצירת מחווה למעצבי העבר הגדולים של ישראל לכבוד שנת ה90- לאגודה.
פרויקט שני , יחל בינואר. נושא ימסר בהמשך השנה.
השיעור הוא שיעור סדנה, עבודה מעשית בכיתה .', 'נוכחות מלאה (שעתיים ברצף) כולל בפעילויות המגמה השונות, 
השתתפות בשיעורים ועמידה בתנאי הקורס בהתאם למחוון שיימסר בתחילת השנה. 
ציוד: מחברת סקיצות גדולה, A4 ,
תיקיית קרטון/פלסטיק לשמירת עבודות,
עט פרמננט שחור, 2 עפרונות רישום, 
צבעים/טושים, סרגל, מספריים.', 'מגמה עיצוב', 0, '', NULL, ''),
('עיצוב חזותי
(מגמת עיצוב שנה ב)', 'חן ארד', 'י-יא
שהשלימו מטלות משנה א', 'השלמת התלקיט בנושא יסודות העיצוב- מבוא.
עבודה מעשית בחדר המחשבים.', 'ציוד: מחברת סקיצות גדולה, A4 ,
תיקיית קרטון/פלסטיק לשמירת עבודות,
עט פרמננט שחור, 2 עפרונות רישום, 
צבעים/טושים, סרגל, מספריים.', 'כללי', 0, '', NULL, ''),
('עיצוב דיגיטלי 
(מגמת עיצוב שנה ב)', 'חן ארד', 'י-יא
שהשלימו מטלות משנה א', 'נתמקצע בעבודה בתוכנות Adobe, בעיקר פוטושופ, אינדיזיין ואילוסטרייטור. 
ניגע קצת בעבודה בקאנבה, ונכיר באופן שיטחי תוכנות עיצוב נוספות .
נלמד לעצב פרויקטים לדפוס ולסביבת מסך. ונעבוד על הצד טכני של הפרוייקטים שלנו.', '', 'כללי', 0, '', NULL, '');
